userId,(no genres listed),Action,Adventure,Animation,Children,Comedy,Crime,Documentary,Drama,Fantasy,Film-Noir,Horror,IMAX,Musical,Mystery,Romance,Sci-Fi,Thriller,War,Western,cluster
1,0.0,0.1291248206599713,0.12195121951219512,0.04160688665710186,0.06025824964131994,0.11908177905308465,0.06456241032998565,0.0,0.0975609756097561,0.06743185078909612,0.0014347202295552368,0.024390243902439025,0.0,0.03156384505021521,0.02582496413199426,0.03730272596843615,0.05738880918220947,0.07890961262553801,0.03156384505021521,0.010043041606886656,0
2,0.0,0.14666666666666667,0.04,0.0,0.0,0.09333333333333334,0.13333333333333333,0.04,0.22666666666666666,0.0,0.0,0.013333333333333334,0.05333333333333334,0.0,0.02666666666666667,0.013333333333333334,0.05333333333333334,0.13333333333333333,0.013333333333333334,0.013333333333333334,2
3,0.0,0.1308411214953271,0.102803738317757,0.037383177570093455,0.04672897196261682,0.08411214953271028,0.018691588785046728,0.0,0.14953271028037382,0.037383177570093455,0.0,0.07476635514018691,0.0,0.009345794392523364,0.009345794392523364,0.04672897196261682,0.14018691588785046,0.06542056074766354,0.04672897196261682,0.0,3
4,0.0,0.04854368932038835,0.05631067961165048,0.011650485436893204,0.019417475728155338,0.20194174757281552,0.05242718446601942,0.003883495145631068,0.23300970873786409,0.036893203883495145,0.007766990291262136,0.007766990291262136,0.001941747572815534,0.031067961165048542,0.04466019417475728,0.11262135922330097,0.02330097087378641,0.07378640776699029,0.013592233009708738,0.019417475728155338,4
5,0.0,0.0703125,0.0625,0.046875,0.0703125,0.1171875,0.09375,0.0,0.1953125,0.0546875,0.0,0.0078125,0.0234375,0.0390625,0.0078125,0.0859375,0.015625,0.0703125,0.0234375,0.015625,0
6,0.0,0.08731241473396999,0.06412005457025921,0.019099590723055934,0.06412005457025921,0.17326057298772168,0.047748976807639835,0.0,0.19099590723055934,0.03547066848567531,0.002728512960436562,0.02592087312414734,0.004092769440654843,0.01637107776261937,0.020463847203274217,0.09549795361527967,0.0286493860845839,0.0927694406548431,0.01637107776261937,0.015006821282401092,0
7,0.0,0.13588110403397027,0.11464968152866242,0.029723991507430998,0.03184713375796178,0.1040339702760085,0.055201698513800426,0.0,0.12101910828025478,0.04883227176220807,0.004246284501061571,0.010615711252653927,0.02335456475583864,0.01910828025477707,0.029723991507430998,0.06369426751592357,0.08917197452229299,0.09129511677282377,0.025477707006369428,0.0021231422505307855,3
8,0.0,0.0916030534351145,0.08396946564885496,0.007633587786259542,0.030534351145038167,0.183206106870229,0.06870229007633588,0.0,0.1450381679389313,0.030534351145038167,0.0,0.015267175572519083,0.015267175572519083,0.007633587786259542,0.022900763358778626,0.10687022900763359,0.030534351145038167,0.12213740458015267,0.022900763358778626,0.015267175572519083,0
9,0.0,0.07692307692307693,0.09615384615384616,0.009615384615384616,0.009615384615384616,0.14423076923076922,0.0673076923076923,0.0,0.20192307692307693,0.019230769230769232,0.009615384615384616,0.04807692307692308,0.009615384615384616,0.009615384615384616,0.028846153846153848,0.057692307692307696,0.07692307692307693,0.10576923076923077,0.019230769230769232,0.009615384615384616,0
10,0.0,0.06516290726817042,0.07769423558897243,0.03759398496240601,0.03508771929824561,0.19799498746867167,0.03258145363408521,0.0,0.18045112781954886,0.042606516290726815,0.0,0.005012531328320802,0.045112781954887216,0.022556390977443608,0.007518796992481203,0.19548872180451127,0.012531328320802004,0.03258145363408521,0.010025062656641603,0.0,1
11,0.0,0.25274725274725274,0.0989010989010989,0.0,0.0,0.06593406593406594,0.07142857142857142,0.0,0.13186813186813187,0.005494505494505495,0.0,0.005494505494505495,0.005494505494505495,0.0,0.016483516483516484,0.07142857142857142,0.054945054945054944,0.17582417582417584,0.03296703296703297,0.01098901098901099,3
12,0.0,0.027777777777777776,0.027777777777777776,0.013888888888888888,0.0,0.25,0.013888888888888888,0.0,0.2222222222222222,0.05555555555555555,0.0,0.0,0.0,0.0,0.0,0.2916666666666667,0.041666666666666664,0.041666666666666664,0.013888888888888888,0.0,4
13,0.0,0.12658227848101267,0.0759493670886076,0.0,0.0,0.13924050632911392,0.0379746835443038,0.0,0.20253164556962025,0.012658227848101266,0.0,0.06329113924050633,0.0,0.0,0.02531645569620253,0.0759493670886076,0.06329113924050633,0.13924050632911392,0.02531645569620253,0.012658227848101266,2
14,0.0,0.10526315789473684,0.07894736842105263,0.0,0.017543859649122806,0.14912280701754385,0.06140350877192982,0.0,0.21052631578947367,0.008771929824561403,0.0,0.008771929824561403,0.008771929824561403,0.008771929824561403,0.017543859649122806,0.12280701754385964,0.017543859649122806,0.11403508771929824,0.03508771929824561,0.03508771929824561,4
15,0.0,0.13258426966292136,0.12808988764044943,0.04943820224719101,0.04719101123595506,0.06292134831460675,0.04269662921348315,0.0,0.12134831460674157,0.035955056179775284,0.0,0.024719101123595506,0.04044943820224719,0.011235955056179775,0.02696629213483146,0.029213483146067417,0.13258426966292136,0.09887640449438202,0.011235955056179775,0.0044943820224719105,3
16,0.0,0.09057971014492754,0.07246376811594203,0.043478260869565216,0.028985507246376812,0.09057971014492754,0.08695652173913043,0.0036231884057971015,0.17391304347826086,0.057971014492753624,0.018115942028985508,0.018115942028985508,0.014492753623188406,0.0,0.04710144927536232,0.04710144927536232,0.057971014492753624,0.10507246376811594,0.03985507246376811,0.0036231884057971015,2
17,0.0,0.12828947368421054,0.11513157894736842,0.03289473684210526,0.023026315789473683,0.0625,0.10526315789473684,0.003289473684210526,0.16776315789473684,0.05592105263157895,0.006578947368421052,0.009868421052631578,0.019736842105263157,0.009868421052631578,0.03289473684210526,0.023026315789473683,0.06578947368421052,0.08881578947368421,0.029605263157894735,0.019736842105263157,2
18,0.0,0.14315068493150684,0.09726027397260274,0.021232876712328767,0.023972602739726026,0.10136986301369863,0.09452054794520548,0.0061643835616438354,0.14931506849315068,0.03561643835616438,0.005479452054794521,0.010273972602739725,0.025342465753424658,0.00821917808219178,0.038356164383561646,0.030136986301369864,0.07534246575342465,0.11575342465753424,0.010958904109589041,0.007534246575342466,2
19,0.0,0.08086253369272237,0.08463611859838274,0.02587601078167116,0.05498652291105121,0.2037735849056604,0.03881401617250674,0.0,0.08140161725067385,0.05175202156334232,0.004851752021563342,0.06037735849056604,0.0005390835579514825,0.019946091644204852,0.031266846361185985,0.07223719676549865,0.06846361185983828,0.10943396226415095,0.004851752021563342,0.005929919137466307,0
20,0.0,0.0623342175066313,0.11405835543766578,0.08620689655172414,0.14721485411140584,0.13925729442970822,0.033156498673740056,0.002652519893899204,0.09416445623342175,0.0636604774535809,0.001326259946949602,0.015915119363395226,0.006631299734748011,0.07294429708222812,0.021220159151193633,0.05305039787798409,0.029177718832891247,0.04907161803713528,0.005305039787798408,0.002652519893899204,0
21,0.0007320644216691069,0.16544655929721816,0.1295754026354319,0.0424597364568082,0.04465592972181552,0.14714494875549047,0.053440702781844804,0.0,0.06881405563689605,0.046120058565153735,0.0014641288433382138,0.010980966325036604,0.04172767203513909,0.010980966325036604,0.013177159590043924,0.04758418740849195,0.07759882869692533,0.08931185944363104,0.005856515373352855,0.0029282576866764276,3
22,0.0,0.08746355685131195,0.07580174927113703,0.03498542274052478,0.03498542274052478,0.11370262390670553,0.08746355685131195,0.014577259475218658,0.21282798833819241,0.04664723032069971,0.0029154518950437317,0.01749271137026239,0.01749271137026239,0.0029154518950437317,0.03498542274052478,0.0641399416909621,0.043731778425655975,0.08746355685131195,0.01749271137026239,0.0029154518950437317,2
23,0.0,0.08256880733944955,0.05504587155963303,0.03058103975535168,0.009174311926605505,0.07339449541284404,0.11926605504587157,0.0061162079510703364,0.23547400611620795,0.04281345565749235,0.03363914373088685,0.009174311926605505,0.0030581039755351682,0.0,0.0672782874617737,0.03669724770642202,0.05198776758409786,0.1162079510703364,0.01834862385321101,0.009174311926605505,2
24,0.0,0.16091954022988506,0.09482758620689655,0.005747126436781609,0.005747126436781609,0.14367816091954022,0.06609195402298851,0.0,0.11494252873563218,0.04310344827586207,0.0,0.011494252873563218,0.028735632183908046,0.0028735632183908046,0.03735632183908046,0.09482758620689655,0.07183908045977011,0.09770114942528736,0.020114942528735632,0.0,0
25,0.0,0.189873417721519,0.17721518987341772,0.0379746835443038,0.0379746835443038,0.02531645569620253,0.05063291139240506,0.0,0.1518987341772152,0.0379746835443038,0.0,0.0,0.0379746835443038,0.0,0.02531645569620253,0.012658227848101266,0.11392405063291139,0.05063291139240506,0.05063291139240506,0.0,3
26,0.0,0.1694915254237288,0.1016949152542373,0.0,0.01694915254237288,0.0847457627118644,0.13559322033898305,0.0,0.13559322033898305,0.0,0.0,0.01694915254237288,0.01694915254237288,0.0,0.01694915254237288,0.03389830508474576,0.01694915254237288,0.23728813559322035,0.01694915254237288,0.0,2
27,0.0,0.10218978102189781,0.1435523114355231,0.0535279805352798,0.1192214111922141,0.12165450121654502,0.0170316301703163,0.0,0.10948905109489052,0.0535279805352798,0.0024330900243309003,0.004866180048661801,0.004866180048661801,0.031630170316301706,0.0072992700729927005,0.05596107055961071,0.07785888077858881,0.0340632603406326,0.0364963503649635,0.024330900243309004,0
28,0.0,0.129973474801061,0.07891246684350132,0.0033156498673740055,0.002652519893899204,0.0636604774535809,0.09946949602122016,0.001326259946949602,0.236737400530504,0.01989389920424403,0.003978779840848806,0.01790450928381963,0.008620689655172414,0.0033156498673740055,0.03713527851458886,0.027188328912466843,0.08156498673740054,0.1346153846153846,0.033819628647214856,0.015915119363395226,2
29,0.0,0.1341991341991342,0.09090909090909091,0.004329004329004329,0.008658008658008658,0.047619047619047616,0.06493506493506493,0.008658008658008658,0.21645021645021645,0.017316017316017316,0.004329004329004329,0.008658008658008658,0.021645021645021644,0.012987012987012988,0.030303030303030304,0.025974025974025976,0.07792207792207792,0.09090909090909091,0.09523809523809523,0.03896103896103896,2
30,0.0,0.22727272727272727,0.17272727272727273,0.045454545454545456,0.02727272727272727,0.045454545454545456,0.06363636363636363,0.0,0.06363636363636363,0.03636363636363636,0.0,0.00909090909090909,0.07272727272727272,0.0,0.00909090909090909,0.01818181818181818,0.15454545454545454,0.045454545454545456,0.00909090909090909,0.0,3
31,0.0,0.10869565217391304,0.10869565217391304,0.036231884057971016,0.050724637681159424,0.15942028985507245,0.021739130434782608,0.007246376811594203,0.10869565217391304,0.07246376811594203,0.0,0.014492753623188406,0.0,0.036231884057971016,0.007246376811594203,0.11594202898550725,0.06521739130434782,0.07971014492753623,0.007246376811594203,0.0,0
32,0.0,0.11278195488721804,0.06766917293233082,0.007518796992481203,0.022556390977443608,0.16165413533834586,0.07142857142857142,0.0037593984962406013,0.16541353383458646,0.045112781954887216,0.0,0.011278195488721804,0.0,0.007518796992481203,0.03007518796992481,0.11278195488721804,0.041353383458646614,0.12406015037593984,0.011278195488721804,0.0037593984962406013,0
33,0.0,0.038461538461538464,0.027472527472527472,0.016483516483516484,0.02197802197802198,0.15934065934065933,0.07142857142857142,0.0,0.3159340659340659,0.016483516483516484,0.005494505494505495,0.005494505494505495,0.0027472527472527475,0.016483516483516484,0.024725274725274724,0.1510989010989011,0.019230769230769232,0.08241758241758242,0.02197802197802198,0.0027472527472527475,4
34,0.0,0.19029850746268656,0.09701492537313433,0.026119402985074626,0.007462686567164179,0.13805970149253732,0.041044776119402986,0.0037313432835820895,0.08955223880597014,0.05223880597014925,0.0,0.033582089552238806,0.011194029850746268,0.0,0.026119402985074626,0.07462686567164178,0.08582089552238806,0.09701492537313433,0.018656716417910446,0.007462686567164179,3
35,0.0,0.06896551724137931,0.08620689655172414,0.017241379310344827,0.034482758620689655,0.1724137931034483,0.06896551724137931,0.0,0.15517241379310345,0.034482758620689655,0.0,0.0,0.034482758620689655,0.017241379310344827,0.017241379310344827,0.15517241379310345,0.017241379310344827,0.06896551724137931,0.017241379310344827,0.034482758620689655,1
36,0.0,0.11538461538461539,0.08333333333333333,0.0,0.019230769230769232,0.14743589743589744,0.10897435897435898,0.0,0.17307692307692307,0.019230769230769232,0.01282051282051282,0.00641025641025641,0.0,0.00641025641025641,0.0641025641025641,0.08333333333333333,0.03205128205128205,0.08974358974358974,0.03205128205128205,0.00641025641025641,2
37,0.0,0.109375,0.125,0.015625,0.03125,0.125,0.109375,0.0,0.125,0.03125,0.0,0.015625,0.015625,0.03125,0.0,0.03125,0.0625,0.140625,0.015625,0.015625,0
38,0.0,0.08962264150943396,0.07547169811320754,0.02358490566037736,0.03773584905660377,0.1650943396226415,0.04245283018867924,0.0047169811320754715,0.1650943396226415,0.0330188679245283,0.0,0.014150943396226415,0.014150943396226415,0.02358490566037736,0.014150943396226415,0.12735849056603774,0.02830188679245283,0.08490566037735849,0.0330188679245283,0.02358490566037736,0
39,0.0,0.09120521172638436,0.10423452768729642,0.0781758957654723,0.0749185667752443,0.09120521172638436,0.08143322475570032,0.0,0.11400651465798045,0.05211726384364821,0.006514657980456026,0.04234527687296417,0.003257328990228013,0.05211726384364821,0.026058631921824105,0.03257328990228013,0.06840390879478828,0.0749185667752443,0.003257328990228013,0.003257328990228013,0
40,0.0,0.08812260536398467,0.08812260536398467,0.03065134099616858,0.06896551724137931,0.15708812260536398,0.04980842911877394,0.0,0.19157088122605365,0.04597701149425287,0.0,0.011494252873563218,0.011494252873563218,0.02681992337164751,0.011494252873563218,0.0842911877394636,0.0421455938697318,0.05747126436781609,0.011494252873563218,0.022988505747126436,0
41,0.0,0.06735751295336788,0.05699481865284974,0.02072538860103627,0.015544041450777202,0.15198618307426598,0.08981001727115717,0.0034542314335060447,0.22452504317789293,0.03454231433506045,0.0034542314335060447,0.02072538860103627,0.010362694300518135,0.0051813471502590676,0.03454231433506045,0.10362694300518134,0.03454231433506045,0.09671848013816926,0.022452504317789293,0.0034542314335060447,4
42,0.0,0.12124151309408342,0.06983511154219205,0.004849660523763337,0.013579049466537343,0.2046556741028128,0.06886517943743937,0.002909796314258002,0.1658583899127061,0.02133850630455868,0.0019398642095053346,0.016488845780795344,0.0019398642095053346,0.006789524733268671,0.026188166828322017,0.0863239573229874,0.04267701260911736,0.11251212415130941,0.020368574199806012,0.011639185257032008,0
43,0.0,0.09451219512195122,0.10365853658536585,0.039634146341463415,0.0975609756097561,0.13414634146341464,0.04878048780487805,0.0,0.12804878048780488,0.051829268292682924,0.0,0.01524390243902439,0.009146341463414634,0.036585365853658534,0.012195121951219513,0.07621951219512195,0.04573170731707317,0.08841463414634146,0.009146341463414634,0.009146341463414634,0
44,0.0,0.16923076923076924,0.15384615384615385,0.03076923076923077,0.023076923076923078,0.17692307692307693,0.03076923076923077,0.0,0.09230769230769231,0.023076923076923078,0.0,0.023076923076923078,0.0,0.007692307692307693,0.007692307692307693,0.06153846153846154,0.06923076923076923,0.13076923076923078,0.0,0.0,3
45,0.0,0.10153256704980843,0.09482758620689655,0.029693486590038315,0.05172413793103448,0.21168582375478928,0.04885057471264368,0.0009578544061302681,0.11590038314176246,0.04310344827586207,0.0,0.01532567049808429,0.006704980842911878,0.02586206896551724,0.018199233716475097,0.06609195402298851,0.07183908045977011,0.08141762452107279,0.013409961685823755,0.0028735632183908046,0
46,0.0,0.140625,0.1015625,0.03125,0.03125,0.09375,0.09375,0.0,0.1171875,0.0234375,0.0,0.015625,0.015625,0.0234375,0.0234375,0.046875,0.0546875,0.140625,0.0234375,0.0234375,2
47,0.0,0.027491408934707903,0.03436426116838488,0.0,0.010309278350515464,0.12027491408934708,0.06872852233676977,0.024054982817869417,0.36769759450171824,0.024054982817869417,0.0,0.020618556701030927,0.020618556701030927,0.024054982817869417,0.027491408934707903,0.09965635738831616,0.03436426116838488,0.07560137457044673,0.01718213058419244,0.003436426116838488,4
48,0.0,0.19642857142857142,0.11607142857142858,0.03571428571428571,0.03571428571428571,0.07142857142857142,0.017857142857142856,0.0,0.07142857142857142,0.044642857142857144,0.0,0.026785714285714284,0.017857142857142856,0.017857142857142856,0.017857142857142856,0.03571428571428571,0.16071428571428573,0.13392857142857142,0.0,0.0,3
49,0.0,0.1111111111111111,0.06349206349206349,0.06349206349206349,0.07936507936507936,0.07936507936507936,0.047619047619047616,0.0,0.15873015873015872,0.0,0.0,0.031746031746031744,0.047619047619047616,0.0,0.031746031746031744,0.015873015873015872,0.14285714285714285,0.06349206349206349,0.06349206349206349,0.0,3
50,0.002380952380952381,0.09642857142857143,0.09523809523809523,0.0630952380952381,0.05,0.14404761904761904,0.05357142857142857,0.016666666666666666,0.15,0.05238095238095238,0.002380952380952381,0.01904761904761905,0.02619047619047619,0.017857142857142856,0.023809523809523808,0.039285714285714285,0.05952380952380952,0.06785714285714285,0.013095238095238096,0.007142857142857143,0
51,0.0,0.09869848156182212,0.0770065075921909,0.01843817787418655,0.03253796095444685,0.17787418655097614,0.05639913232104121,0.0021691973969631237,0.1301518438177874,0.04338394793926247,0.0032537960954446853,0.05639913232104121,0.006507592190889371,0.015184381778741865,0.024945770065075923,0.0737527114967462,0.06724511930585683,0.09436008676789588,0.01193058568329718,0.009761388286334056,0
52,0.0,0.167816091954023,0.0896551724137931,0.03218390804597701,0.029885057471264367,0.08045977011494253,0.08275862068965517,0.006896551724137931,0.1471264367816092,0.02528735632183908,0.0,0.013793103448275862,0.0367816091954023,0.006896551724137931,0.027586206896551724,0.041379310344827586,0.06206896551724138,0.11724137931034483,0.027586206896551724,0.004597701149425287,2
53,0.0,0.1,0.025,0.0,0.0,0.15,0.05,0.0,0.25,0.0,0.025,0.025,0.0,0.05,0.025,0.15,0.05,0.075,0.025,0.0,4
54,0.0,0.07291666666666667,0.0625,0.03125,0.052083333333333336,0.13541666666666666,0.08333333333333333,0.0,0.15625,0.03125,0.0,0.010416666666666666,0.020833333333333332,0.020833333333333332,0.03125,0.0625,0.041666666666666664,0.14583333333333334,0.03125,0.010416666666666666,0
55,0.0,0.13513513513513514,0.05405405405405406,0.013513513513513514,0.02702702702702703,0.12162162162162163,0.13513513513513514,0.0,0.16216216216216217,0.05405405405405406,0.0,0.0,0.0,0.013513513513513514,0.02702702702702703,0.06756756756756757,0.04054054054054054,0.12162162162162163,0.02702702702702703,0.0,2
56,0.0,0.18181818181818182,0.09090909090909091,0.007575757575757576,0.015151515151515152,0.12121212121212122,0.09848484848484848,0.0,0.12878787878787878,0.022727272727272728,0.0,0.022727272727272728,0.007575757575757576,0.007575757575757576,0.015151515151515152,0.030303030303030304,0.06818181818181818,0.1590909090909091,0.022727272727272728,0.0,2
57,0.0,0.13107511045655376,0.09941089837997054,0.024300441826215022,0.03166421207658321,0.15022091310751104,0.0508100147275405,0.0007363770250368188,0.12739322533136965,0.036818851251840944,0.009572901325478646,0.012518409425625921,0.0029455081001472753,0.020618556701030927,0.025036818851251842,0.07363770250368189,0.06995581737849779,0.09425625920471281,0.025036818851251842,0.013991163475699559,0
58,0.0,0.09059233449477352,0.059233449477351915,0.027874564459930314,0.03832752613240418,0.16376306620209058,0.059233449477351915,0.0,0.17073170731707318,0.03832752613240418,0.0,0.010452961672473868,0.010452961672473868,0.0313588850174216,0.020905923344947737,0.10452961672473868,0.03484320557491289,0.11149825783972125,0.017421602787456445,0.010452961672473868,0
59,0.0,0.11295681063122924,0.07308970099667775,0.009966777408637873,0.009966777408637873,0.07973421926910298,0.059800664451827246,0.006644518272425249,0.19601328903654486,0.026578073089700997,0.019933554817275746,0.016611295681063124,0.0033222591362126247,0.0,0.059800664451827246,0.0664451827242525,0.04318936877076412,0.132890365448505,0.08305647840531562,0.0,2
60,0.0,0.05,0.1,0.03333333333333333,0.08333333333333333,0.03333333333333333,0.1,0.0,0.25,0.03333333333333333,0.0,0.0,0.016666666666666666,0.03333333333333333,0.03333333333333333,0.08333333333333333,0.0,0.1,0.05,0.0,2
61,0.0,0.10891089108910891,0.04950495049504951,0.0,0.0,0.04950495049504951,0.12871287128712872,0.0,0.1782178217821782,0.039603960396039604,0.0,0.04950495049504951,0.0,0.0,0.04950495049504951,0.039603960396039604,0.0891089108910891,0.1485148514851485,0.0297029702970297,0.039603960396039604,2
62,0.0026455026455026454,0.1472663139329806,0.11904761904761904,0.012345679012345678,0.021164021164021163,0.08024691358024691,0.05555555555555555,0.0,0.12698412698412698,0.06261022927689594,0.0008818342151675485,0.018518518518518517,0.04497354497354497,0.005291005291005291,0.03791887125220458,0.04056437389770723,0.10141093474426807,0.10141093474426807,0.01675485008818342,0.004409171075837742,3
63,0.0,0.1330049261083744,0.10960591133004927,0.04064039408866995,0.03694581280788178,0.1354679802955665,0.06896551724137931,0.008620689655172414,0.11699507389162561,0.046798029556650245,0.006157635467980296,0.014778325123152709,0.02586206896551724,0.012315270935960592,0.02586206896551724,0.04064039408866995,0.07142857142857142,0.08497536945812807,0.019704433497536946,0.0012315270935960591,0
64,0.0,0.08680310515172901,0.07268877911079746,0.02328863796753705,0.03458009880028229,0.15172900494001412,0.06633733239237827,0.004234297812279464,0.16725476358503882,0.04728299223712068,0.002117148906139732,0.03881439661256175,0.004940014114326041,0.019760056457304165,0.03952011291460833,0.0748059280169372,0.04234297812279464,0.09809456598447425,0.019054340155257588,0.006351446718419196,0
65,0.0,0.13761467889908258,0.06422018348623854,0.0,0.0,0.045871559633027525,0.10091743119266056,0.0,0.22935779816513763,0.03669724770642202,0.0,0.0,0.05504587155963303,0.0,0.05504587155963303,0.027522935779816515,0.08256880733944955,0.11009174311926606,0.05504587155963303,0.0,2
66,0.0,0.11771428571428572,0.07885714285714286,0.018285714285714287,0.021714285714285714,0.168,0.06628571428571428,0.0,0.17142857142857143,0.045714285714285714,0.004571428571428572,0.029714285714285714,0.001142857142857143,0.006857142857142857,0.02857142857142857,0.06742857142857143,0.053714285714285714,0.09257142857142857,0.016,0.011428571428571429,0
67,0.0,0.17355371900826447,0.11570247933884298,0.04132231404958678,0.04132231404958678,0.14049586776859505,0.08264462809917356,0.0,0.10743801652892562,0.049586776859504134,0.0,0.0,0.008264462809917356,0.0,0.01652892561983471,0.03305785123966942,0.0743801652892562,0.0743801652892562,0.024793388429752067,0.01652892561983471,3
68,0.0,0.11604293588627793,0.08442123585726719,0.023208587177255584,0.031041485349579345,0.15346678270960254,0.05366985784740354,0.009573542210617928,0.14186248912097477,0.040905134899912966,0.0008703220191470844,0.029881055990716564,0.016536118363794605,0.015665796344647518,0.023788801856686973,0.0835509138381201,0.05860168262257035,0.09631563678561067,0.014215259646069046,0.006382361473745286,0
69,0.0,0.15254237288135594,0.1016949152542373,0.0,0.0,0.07627118644067797,0.059322033898305086,0.0,0.16101694915254236,0.00847457627118644,0.00847457627118644,0.05084745762711865,0.0,0.0,0.0423728813559322,0.03389830508474576,0.1440677966101695,0.11016949152542373,0.01694915254237288,0.03389830508474576,3
70,0.0,0.030303030303030304,0.06060606060606061,0.007575757575757576,0.030303030303030304,0.13636363636363635,0.05303030303030303,0.015151515151515152,0.38636363636363635,0.030303030303030304,0.0,0.007575757575757576,0.007575757575757576,0.0,0.015151515151515152,0.10606060606060606,0.045454545454545456,0.022727272727272728,0.03787878787878788,0.007575757575757576,4
71,0.0,0.19811320754716982,0.1509433962264151,0.009433962264150943,0.04716981132075472,0.07547169811320754,0.04716981132075472,0.0,0.08490566037735849,0.03773584905660377,0.0,0.0,0.0,0.009433962264150943,0.018867924528301886,0.0660377358490566,0.10377358490566038,0.14150943396226415,0.009433962264150943,0.0,3
72,0.0,0.15454545454545454,0.09090909090909091,0.0,0.0,0.08181818181818182,0.07272727272727272,0.0,0.18181818181818182,0.0,0.0,0.02727272727272727,0.01818181818181818,0.0,0.03636363636363636,0.07272727272727272,0.09090909090909091,0.12727272727272726,0.03636363636363636,0.00909090909090909,2
73,0.0,0.1152542372881356,0.10508474576271186,0.0423728813559322,0.0423728813559322,0.21016949152542372,0.04576271186440678,0.0,0.12033898305084746,0.0423728813559322,0.0,0.00847457627118644,0.04406779661016949,0.00847457627118644,0.020338983050847456,0.06271186440677966,0.06271186440677966,0.0576271186440678,0.00847457627118644,0.003389830508474576,0
74,0.0,0.03617571059431524,0.028423772609819122,0.0,0.0,0.06976744186046512,0.09302325581395349,0.002583979328165375,0.4108527131782946,0.015503875968992248,0.0103359173126615,0.028423772609819122,0.0,0.002583979328165375,0.041343669250646,0.07235142118863049,0.020671834625323,0.12661498708010335,0.028423772609819122,0.012919896640826873,4
75,0.0,0.16203703703703703,0.12037037037037036,0.023148148148148147,0.023148148148148147,0.037037037037037035,0.046296296296296294,0.0,0.11574074074074074,0.041666666666666664,0.0,0.018518518518518517,0.004629629629629629,0.013888888888888888,0.06481481481481481,0.05092592592592592,0.13425925925925927,0.11574074074074074,0.018518518518518517,0.009259259259259259,3
76,0.0,0.0947075208913649,0.0807799442896936,0.025069637883008356,0.036211699164345405,0.10863509749303621,0.10027855153203342,0.002785515320334262,0.14484679665738162,0.04456824512534819,0.0,0.04178272980501393,0.019498607242339833,0.011142061281337047,0.04178272980501393,0.03064066852367688,0.06963788300835655,0.10863509749303621,0.025069637883008356,0.013927576601671309,2
77,0.0,0.2111111111111111,0.15555555555555556,0.011111111111111112,0.011111111111111112,0.044444444444444446,0.05555555555555555,0.0,0.1,0.05555555555555555,0.0,0.0,0.06666666666666667,0.0,0.044444444444444446,0.03333333333333333,0.12222222222222222,0.08888888888888889,0.0,0.0,3
78,0.0,0.18579234972677597,0.1366120218579235,0.01092896174863388,0.01639344262295082,0.15300546448087432,0.06557377049180328,0.0,0.06557377049180328,0.01639344262295082,0.0,0.02185792349726776,0.01092896174863388,0.00546448087431694,0.01639344262295082,0.03278688524590164,0.10382513661202186,0.1366120218579235,0.01639344262295082,0.00546448087431694,3
79,0.0,0.22099447513812154,0.11049723756906077,0.0,0.0,0.07734806629834254,0.06629834254143646,0.03314917127071823,0.1270718232044199,0.022099447513812154,0.0055248618784530384,0.03314917127071823,0.0,0.022099447513812154,0.011049723756906077,0.03314917127071823,0.07734806629834254,0.1270718232044199,0.03314917127071823,0.0,3
80,0.0,0.14206642066420663,0.06088560885608856,0.0018450184501845018,0.005535055350553505,0.02029520295202952,0.07933579335793357,0.0,0.12915129151291513,0.023985239852398525,0.0018450184501845018,0.08671586715867159,0.04428044280442804,0.0,0.06642066420664207,0.007380073800738007,0.1014760147601476,0.2177121771217712,0.01107011070110701,0.0,2
81,0.0,0.15853658536585366,0.13414634146341464,0.024390243902439025,0.024390243902439025,0.0975609756097561,0.08536585365853659,0.0,0.0975609756097561,0.012195121951219513,0.0,0.0,0.024390243902439025,0.024390243902439025,0.024390243902439025,0.036585365853658534,0.07317073170731707,0.14634146341463414,0.036585365853658534,0.0,3
82,0.0,0.17530487804878048,0.11280487804878049,0.019817073170731708,0.0350609756097561,0.1722560975609756,0.07926829268292683,0.001524390243902439,0.07317073170731707,0.039634146341463415,0.001524390243902439,0.021341463414634148,0.003048780487804878,0.010670731707317074,0.021341463414634148,0.051829268292682924,0.057926829268292686,0.10060975609756098,0.010670731707317074,0.012195121951219513,0
83,0.0,0.11581920903954802,0.09322033898305085,0.02824858757062147,0.025423728813559324,0.06497175141242938,0.03954802259887006,0.002824858757062147,0.2062146892655367,0.0423728813559322,0.0,0.02824858757062147,0.031073446327683617,0.011299435028248588,0.03389830508474576,0.05649717514124294,0.07062146892655367,0.07909604519774012,0.06779661016949153,0.002824858757062147,2
84,0.0,0.05023547880690738,0.03924646781789639,0.0031397174254317113,0.026687598116169546,0.1836734693877551,0.05180533751962323,0.006279434850863423,0.25902668759811615,0.02511773940345369,0.004709576138147566,0.01726844583987441,0.0015698587127158557,0.026687598116169546,0.023547880690737835,0.14599686028257458,0.02197802197802198,0.07378335949764521,0.026687598116169546,0.012558869701726845,4
85,0.0,0.017857142857142856,0.017857142857142856,0.0,0.017857142857142856,0.10714285714285714,0.017857142857142856,0.0,0.5357142857142857,0.017857142857142856,0.0,0.0,0.0,0.0,0.05357142857142857,0.10714285714285714,0.03571428571428571,0.017857142857142856,0.05357142857142857,0.0,4
86,0.0,0.13716814159292035,0.12389380530973451,0.05309734513274336,0.048672566371681415,0.061946902654867256,0.03982300884955752,0.0,0.11946902654867257,0.07964601769911504,0.0,0.008849557522123894,0.030973451327433628,0.008849557522123894,0.02654867256637168,0.0752212389380531,0.0752212389380531,0.07964601769911504,0.02654867256637168,0.004424778761061947,3
87,0.0,0.05263157894736842,0.08771929824561403,0.05263157894736842,0.08771929824561403,0.15789473684210525,0.0,0.0,0.19298245614035087,0.08771929824561403,0.0,0.03508771929824561,0.0,0.017543859649122806,0.017543859649122806,0.03508771929824561,0.12280701754385964,0.05263157894736842,0.0,0.0,0
88,0.0,0.11643835616438356,0.04794520547945205,0.0,0.0136986301369863,0.0821917808219178,0.11643835616438356,0.0,0.22602739726027396,0.03424657534246575,0.0,0.02054794520547945,0.02054794520547945,0.0,0.0684931506849315,0.02054794520547945,0.04794520547945205,0.14383561643835616,0.0273972602739726,0.0136986301369863,2
89,0.00078125,0.04453125,0.06796875,0.0703125,0.07734375,0.3734375,0.034375,0.003125,0.0828125,0.04453125,0.0,0.0265625,0.00625,0.01484375,0.01171875,0.0859375,0.02578125,0.01640625,0.01015625,0.003125,1
90,0.0,0.02727272727272727,0.03636363636363636,0.00909090909090909,0.01818181818181818,0.2,0.045454545454545456,0.03636363636363636,0.3,0.01818181818181818,0.0,0.00909090909090909,0.0,0.02727272727272727,0.00909090909090909,0.16363636363636364,0.03636363636363636,0.05454545454545454,0.00909090909090909,0.0,4
91,0.0,0.12933753943217666,0.08643533123028391,0.022082018927444796,0.022082018927444796,0.12681388012618297,0.06309148264984227,0.005047318611987382,0.12681388012618297,0.04100946372239748,0.0012618296529968455,0.05993690851735016,0.004416403785488959,0.013249211356466877,0.029022082018927444,0.04668769716088328,0.0750788643533123,0.12302839116719243,0.013249211356466877,0.011356466876971609,0
92,0.0,0.05970149253731343,0.11940298507462686,0.04477611940298507,0.11940298507462686,0.13432835820895522,0.014925373134328358,0.0,0.14925373134328357,0.05970149253731343,0.0,0.04477611940298507,0.014925373134328358,0.04477611940298507,0.014925373134328358,0.05970149253731343,0.04477611940298507,0.04477611940298507,0.029850746268656716,0.0,0
93,0.0,0.1564625850340136,0.19047619047619047,0.013605442176870748,0.05782312925170068,0.12244897959183673,0.027210884353741496,0.0,0.08843537414965986,0.06462585034013606,0.0,0.01020408163265306,0.003401360544217687,0.003401360544217687,0.006802721088435374,0.0782312925170068,0.07482993197278912,0.07482993197278912,0.013605442176870748,0.013605442176870748,3
94,0.0,0.12345679012345678,0.1111111111111111,0.012345679012345678,0.037037037037037035,0.13580246913580246,0.06790123456790123,0.0,0.12962962962962962,0.037037037037037035,0.0,0.012345679012345678,0.012345679012345678,0.012345679012345678,0.018518518518518517,0.06172839506172839,0.05555555555555555,0.12962962962962962,0.024691358024691357,0.018518518518518517,0
95,0.0,0.12882096069868995,0.10043668122270742,0.010917030567685589,0.010917030567685589,0.13100436681222707,0.07641921397379912,0.004366812227074236,0.15283842794759825,0.024017467248908297,0.006550218340611353,0.013100436681222707,0.008733624454148471,0.006550218340611353,0.026200873362445413,0.06331877729257641,0.12663755458515283,0.10043668122270742,0.008733624454148471,0.0,0
96,0.0,0.16818181818181818,0.12272727272727273,0.00909090909090909,0.022727272727272728,0.09090909090909091,0.06363636363636363,0.0,0.14545454545454545,0.03636363636363636,0.004545454545454545,0.01818181818181818,0.004545454545454545,0.00909090909090909,0.031818181818181815,0.05,0.07272727272727272,0.12272727272727273,0.022727272727272728,0.004545454545454545,3
97,0.0,0.2222222222222222,0.1414141414141414,0.020202020202020204,0.030303030303030304,0.09090909090909091,0.06060606060606061,0.0,0.12121212121212122,0.020202020202020204,0.0,0.010101010101010102,0.010101010101010102,0.0,0.0,0.050505050505050504,0.0707070707070707,0.1111111111111111,0.04040404040404041,0.0,3
98,0.0,0.09523809523809523,0.11904761904761904,0.06802721088435375,0.06802721088435375,0.11904761904761904,0.02040816326530612,0.0,0.12244897959183673,0.06462585034013606,0.0,0.03741496598639456,0.04081632653061224,0.023809523809523808,0.017006802721088437,0.05442176870748299,0.08503401360544217,0.05442176870748299,0.01020408163265306,0.0,0
99,0.0,0.15328467153284672,0.06569343065693431,0.0072992700729927005,0.0072992700729927005,0.1678832116788321,0.10218978102189781,0.0,0.13138686131386862,0.0,0.0,0.021897810218978103,0.0072992700729927005,0.0072992700729927005,0.021897810218978103,0.072992700729927,0.043795620437956206,0.15328467153284672,0.014598540145985401,0.021897810218978103,0
100,0.0,0.07008086253369272,0.04582210242587601,0.005390835579514825,0.016172506738544475,0.22911051212938005,0.03234501347708895,0.0,0.19946091644204852,0.026954177897574125,0.0,0.013477088948787063,0.0026954177897574125,0.03234501347708895,0.013477088948787063,0.21293800539083557,0.018867924528301886,0.05121293800539083,0.016172506738544475,0.013477088948787063,1
101,0.0,0.1171875,0.0703125,0.0234375,0.015625,0.1953125,0.0546875,0.0,0.1875,0.0234375,0.0,0.0390625,0.0078125,0.015625,0.0390625,0.046875,0.0546875,0.109375,0.0,0.0,0
102,0.0,0.1509433962264151,0.0880503144654088,0.012578616352201259,0.025157232704402517,0.1320754716981132,0.0880503144654088,0.0,0.11949685534591195,0.0,0.0,0.012578616352201259,0.012578616352201259,0.012578616352201259,0.018867924528301886,0.0880503144654088,0.03773584905660377,0.1509433962264151,0.018867924528301886,0.031446540880503145,0
103,0.0,0.07897153351698806,0.10284664830119375,0.050505050505050504,0.08172635445362718,0.14325068870523416,0.05785123966942149,0.0018365472910927456,0.15977961432506887,0.06703397612488522,0.0036730945821854912,0.013774104683195593,0.027548209366391185,0.024793388429752067,0.023875114784205693,0.050505050505050504,0.03581267217630854,0.05785123966942149,0.011019283746556474,0.0073461891643709825,0
104,0.0,0.06701030927835051,0.10051546391752578,0.05412371134020619,0.07216494845360824,0.23324742268041238,0.020618556701030927,0.0,0.09536082474226804,0.059278350515463915,0.001288659793814433,0.005154639175257732,0.01804123711340206,0.05283505154639175,0.010309278350515464,0.1211340206185567,0.03994845360824742,0.03479381443298969,0.010309278350515464,0.003865979381443299,1
105,0.0015822784810126582,0.08755274261603375,0.07383966244725738,0.056962025316455694,0.03270042194092827,0.12921940928270043,0.07014767932489452,0.011603375527426161,0.1909282700421941,0.04535864978902954,0.0031645569620253164,0.015822784810126583,0.01740506329113924,0.007383966244725738,0.03691983122362869,0.06540084388185655,0.049578059071729956,0.07753164556962025,0.023206751054852322,0.003691983122362869,0
106,0.0,0.15966386554621848,0.21008403361344538,0.01680672268907563,0.04201680672268908,0.05042016806722689,0.01680672268907563,0.0,0.07563025210084033,0.16806722689075632,0.0,0.01680672268907563,0.09243697478991597,0.0,0.03361344537815126,0.008403361344537815,0.05042016806722689,0.058823529411764705,0.0,0.0,3
107,0.0,0.1134020618556701,0.13402061855670103,0.010309278350515464,0.030927835051546393,0.13402061855670103,0.07216494845360824,0.0,0.17525773195876287,0.041237113402061855,0.0,0.010309278350515464,0.010309278350515464,0.0,0.010309278350515464,0.05154639175257732,0.05154639175257732,0.09278350515463918,0.030927835051546393,0.030927835051546393,0
108,0.0,0.055248618784530384,0.055248618784530384,0.011049723756906077,0.016574585635359115,0.15469613259668508,0.027624309392265192,0.0,0.2596685082872928,0.011049723756906077,0.0,0.0055248618784530384,0.0055248618784530384,0.0055248618784530384,0.022099447513812154,0.2154696132596685,0.0718232044198895,0.06629834254143646,0.011049723756906077,0.0055248618784530384,4
109,0.0,0.08917197452229299,0.05732484076433121,0.01910828025477707,0.03503184713375796,0.1592356687898089,0.07006369426751592,0.0031847133757961785,0.20382165605095542,0.028662420382165606,0.0031847133757961785,0.01592356687898089,0.006369426751592357,0.01910828025477707,0.01592356687898089,0.07643312101910828,0.041401273885350316,0.1178343949044586,0.01910828025477707,0.01910828025477707,0
110,0.0,0.12,0.04,0.0,0.016,0.16,0.104,0.008,0.232,0.0,0.0,0.016,0.0,0.0,0.032,0.064,0.04,0.12,0.048,0.0,2
111,0.003201024327784891,0.0851472471190781,0.07170294494238157,0.03905249679897567,0.041613316261203584,0.29641485275288093,0.05441741357234315,0.012163892445582587,0.088348271446863,0.04673495518565941,0.0,0.023687580025608196,0.019206145966709345,0.01792573623559539,0.02240717029449424,0.07554417413572344,0.03265044814340589,0.06402048655569782,0.003201024327784891,0.002560819462227913,1
112,0.0,0.14754098360655737,0.11475409836065574,0.02185792349726776,0.02185792349726776,0.07650273224043716,0.07650273224043716,0.0,0.1366120218579235,0.03825136612021858,0.0,0.01092896174863388,0.03278688524590164,0.00546448087431694,0.0273224043715847,0.04918032786885246,0.09836065573770492,0.1092896174863388,0.0273224043715847,0.00546448087431694,3
113,0.0,0.021917808219178082,0.0136986301369863,0.00821917808219178,0.021917808219178082,0.16986301369863013,0.043835616438356165,0.0,0.25205479452054796,0.024657534246575342,0.005479452054794521,0.024657534246575342,0.0,0.0136986301369863,0.0547945205479452,0.2328767123287671,0.010958904109589041,0.08767123287671233,0.0136986301369863,0.0,4
114,0.0,0.11965811965811966,0.19658119658119658,0.042735042735042736,0.05128205128205128,0.09401709401709402,0.02564102564102564,0.0,0.05982905982905983,0.1111111111111111,0.0,0.017094017094017096,0.08547008547008547,0.008547008547008548,0.017094017094017096,0.042735042735042736,0.08547008547008547,0.042735042735042736,0.0,0.0,3
115,0.0,0.1301775147928994,0.10355029585798817,0.038461538461538464,0.04142011834319527,0.15088757396449703,0.04142011834319527,0.0,0.07692307692307693,0.04437869822485207,0.0029585798816568047,0.05917159763313609,0.005917159763313609,0.026627218934911243,0.03254437869822485,0.029585798816568046,0.05621301775147929,0.09763313609467456,0.020710059171597635,0.04142011834319527,0
116,0.0,0.12345679012345678,0.09053497942386832,0.012345679012345678,0.0205761316872428,0.13580246913580246,0.04526748971193416,0.0,0.13991769547325103,0.037037037037037035,0.0,0.03292181069958848,0.00411522633744856,0.02880658436213992,0.0205761316872428,0.12757201646090535,0.053497942386831275,0.09053497942386832,0.03292181069958848,0.00411522633744856,0
117,0.0,0.10297482837528604,0.07780320366132723,0.032036613272311214,0.057208237986270026,0.13501144164759726,0.057208237986270026,0.0,0.16475972540045766,0.041189931350114416,0.0,0.011441647597254004,0.006864988558352402,0.029748283752860413,0.013729977116704805,0.09382151029748284,0.036613272311212815,0.10755148741418764,0.020594965675057208,0.011441647597254004,0
118,0.0,0.07692307692307693,0.057692307692307696,0.0,0.0,0.11538461538461539,0.17307692307692307,0.0,0.28846153846153844,0.0,0.0,0.019230769230769232,0.0,0.0,0.038461538461538464,0.038461538461538464,0.019230769230769232,0.11538461538461539,0.038461538461538464,0.019230769230769232,2
119,0.0,0.15193798449612403,0.11007751937984496,0.04961240310077519,0.040310077519379844,0.11007751937984496,0.07441860465116279,0.006201550387596899,0.13643410852713178,0.04186046511627907,0.0015503875968992248,0.009302325581395349,0.034108527131782945,0.0015503875968992248,0.017054263565891473,0.027906976744186046,0.05891472868217054,0.10387596899224806,0.018604651162790697,0.006201550387596899,3
120,0.0,0.10606060606060606,0.13636363636363635,0.030303030303030304,0.06060606060606061,0.15151515151515152,0.030303030303030304,0.0,0.10606060606060606,0.045454545454545456,0.0,0.015151515151515152,0.0,0.045454545454545456,0.030303030303030304,0.09090909090909091,0.06060606060606061,0.09090909090909091,0.0,0.0,0
121,0.0,0.10738255033557047,0.06711409395973154,0.013422818791946308,0.013422818791946308,0.1342281879194631,0.06711409395973154,0.006711409395973154,0.174496644295302,0.03355704697986577,0.0,0.013422818791946308,0.013422818791946308,0.006711409395973154,0.013422818791946308,0.11409395973154363,0.026845637583892617,0.1342281879194631,0.03355704697986577,0.026845637583892617,0
122,0.0,0.11888111888111888,0.09557109557109557,0.026806526806526808,0.022144522144522144,0.13636363636363635,0.06876456876456877,0.002331002331002331,0.13053613053613053,0.04195804195804196,0.0011655011655011655,0.045454545454545456,0.024475524475524476,0.004662004662004662,0.03146853146853147,0.030303030303030304,0.09324009324009325,0.10372960372960373,0.01282051282051282,0.009324009324009324,0
123,0.0,0.13559322033898305,0.07909604519774012,0.01694915254237288,0.011299435028248588,0.02824858757062147,0.10734463276836158,0.0,0.192090395480226,0.02824858757062147,0.0,0.005649717514124294,0.03389830508474576,0.0,0.05649717514124294,0.01694915254237288,0.0903954802259887,0.1751412429378531,0.01694915254237288,0.005649717514124294,2
124,0.0,0.07086614173228346,0.09448818897637795,0.03937007874015748,0.03937007874015748,0.15748031496062992,0.08661417322834646,0.0,0.18110236220472442,0.015748031496062992,0.007874015748031496,0.023622047244094488,0.0,0.0,0.047244094488188976,0.05511811023622047,0.06299212598425197,0.10236220472440945,0.015748031496062992,0.0,0
125,0.0010193679918450561,0.1162079510703364,0.07543323139653414,0.027522935779816515,0.019367991845056064,0.1488277268093782,0.05606523955147808,0.0010193679918450561,0.16106014271151886,0.04281345565749235,0.0030581039755351682,0.029561671763506627,0.022426095820591234,0.0061162079510703364,0.0254841997961264,0.060142711518858305,0.09378185524974515,0.09480122324159021,0.011213047910295617,0.004077471967380225,0
126,0.0,0.13793103448275862,0.10344827586206896,0.02586206896551724,0.04310344827586207,0.09482758620689655,0.08620689655172414,0.0,0.13793103448275862,0.02586206896551724,0.0,0.017241379310344827,0.02586206896551724,0.02586206896551724,0.008620689655172414,0.04310344827586207,0.05172413793103448,0.13793103448275862,0.02586206896551724,0.008620689655172414,2
127,0.0,0.02040816326530612,0.02040816326530612,0.02040816326530612,0.04081632653061224,0.1836734693877551,0.02040816326530612,0.0,0.24489795918367346,0.04081632653061224,0.02040816326530612,0.02040816326530612,0.0,0.02040816326530612,0.08163265306122448,0.08163265306122448,0.02040816326530612,0.12244897959183673,0.02040816326530612,0.02040816326530612,4
128,0.0,0.1111111111111111,0.08888888888888889,0.0,0.0,0.1111111111111111,0.07777777777777778,0.0,0.12222222222222222,0.022222222222222223,0.03333333333333333,0.03333333333333333,0.0,0.03333333333333333,0.1,0.1111111111111111,0.03333333333333333,0.1111111111111111,0.011111111111111112,0.0,0
129,0.0,0.16740088105726872,0.15198237885462554,0.048458149779735685,0.039647577092511016,0.08590308370044053,0.030837004405286344,0.0,0.08370044052863436,0.06607929515418502,0.0022026431718061676,0.015418502202643172,0.01762114537444934,0.019823788546255508,0.024229074889867842,0.05286343612334802,0.0947136563876652,0.08149779735682819,0.01762114537444934,0.0,3
130,0.0,0.125,0.125,0.03409090909090909,0.045454545454545456,0.11363636363636363,0.07954545454545454,0.0,0.14772727272727273,0.045454545454545456,0.0,0.011363636363636364,0.022727272727272728,0.022727272727272728,0.0,0.03409090909090909,0.045454545454545456,0.11363636363636363,0.022727272727272728,0.011363636363636364,0
131,0.0,0.10552763819095477,0.08040201005025126,0.005025125628140704,0.0,0.06030150753768844,0.11557788944723618,0.005025125628140704,0.20603015075376885,0.02512562814070352,0.005025125628140704,0.02512562814070352,0.020100502512562814,0.0,0.05025125628140704,0.03015075376884422,0.08542713567839195,0.1407035175879397,0.035175879396984924,0.005025125628140704,2
132,0.0,0.05720122574055159,0.06537282941777324,0.03268641470888662,0.045965270684371805,0.15934627170582227,0.059244126659857,0.0020429009193054137,0.1807967313585291,0.05822267620020429,0.0040858018386108275,0.02553626149131767,0.010214504596527068,0.027579162410623085,0.030643513789581207,0.11644535240040858,0.04187946884576098,0.07252298263534218,0.007150153217568948,0.0030643513789581204,0
133,0.0,0.14583333333333334,0.07291666666666667,0.010416666666666666,0.010416666666666666,0.09375,0.125,0.0,0.14583333333333334,0.010416666666666666,0.0,0.020833333333333332,0.010416666666666666,0.010416666666666666,0.03125,0.041666666666666664,0.041666666666666664,0.1875,0.03125,0.010416666666666666,2
134,0.0,0.1504424778761062,0.10619469026548672,0.04424778761061947,0.04424778761061947,0.07964601769911504,0.07079646017699115,0.0,0.12389380530973451,0.02654867256637168,0.0,0.02654867256637168,0.017699115044247787,0.035398230088495575,0.017699115044247787,0.05309734513274336,0.05309734513274336,0.10619469026548672,0.017699115044247787,0.02654867256637168,3
135,0.0,0.1421121251629726,0.0938722294654498,0.009126466753585397,0.02346805736636245,0.1577574967405476,0.06649282920469361,0.002607561929595828,0.1121251629726206,0.05736636245110821,0.001303780964797914,0.028683181225554105,0.0,0.011734028683181226,0.03129074315514994,0.04563233376792699,0.07431551499348109,0.12777053455019557,0.010430247718383311,0.003911342894393742,0
136,0.0,0.14084507042253522,0.08098591549295775,0.017605633802816902,0.035211267605633804,0.15140845070422534,0.06338028169014084,0.0,0.13380281690140844,0.03169014084507042,0.0,0.03169014084507042,0.01056338028169014,0.014084507042253521,0.017605633802816902,0.06338028169014084,0.056338028169014086,0.10915492957746478,0.02112676056338028,0.02112676056338028,0
137,0.0,0.08847184986595175,0.08847184986595175,0.013404825737265416,0.021447721179624665,0.09651474530831099,0.05361930294906166,0.0160857908847185,0.2037533512064343,0.03753351206434316,0.013404825737265416,0.03485254691689008,0.005361930294906166,0.013404825737265416,0.029490616621983913,0.07506702412868632,0.07238605898123325,0.0777479892761394,0.05093833780160858,0.00804289544235925,2
138,0.0,0.16393442622950818,0.09836065573770492,0.04918032786885246,0.04918032786885246,0.14754098360655737,0.04918032786885246,0.0,0.16393442622950818,0.04918032786885246,0.0,0.0,0.01639344262295082,0.0,0.01639344262295082,0.08196721311475409,0.04918032786885246,0.04918032786885246,0.01639344262295082,0.0,0
139,0.0,0.16819571865443425,0.12538226299694188,0.022935779816513763,0.021406727828746176,0.07492354740061162,0.05198776758409786,0.0,0.0871559633027523,0.05657492354740061,0.0,0.03363914373088685,0.05045871559633028,0.0061162079510703364,0.035168195718654434,0.024464831804281346,0.10244648318042814,0.11773700305810397,0.016819571865443424,0.0045871559633027525,3
140,0.0,0.11543450064850844,0.07782101167315175,0.010376134889753566,0.0304798962386511,0.09857328145265888,0.08236057068741894,0.0019455252918287938,0.22892347600518806,0.020103761348897537,0.00324254215304799,0.004539559014267186,0.00324254215304799,0.008430609597924773,0.028534370946822308,0.07392996108949416,0.02529182879377432,0.11932555123216602,0.041504539559014265,0.02594033722438392,2
141,0.0,0.10588235294117647,0.11764705882352941,0.047058823529411764,0.047058823529411764,0.19411764705882353,0.058823529411764705,0.0,0.10196078431372549,0.058823529411764705,0.00196078431372549,0.011764705882352941,0.03725490196078431,0.01568627450980392,0.01764705882352941,0.050980392156862744,0.060784313725490195,0.056862745098039215,0.011764705882352941,0.00392156862745098,0
142,0.0,0.12037037037037036,0.08333333333333333,0.027777777777777776,0.037037037037037035,0.08333333333333333,0.08333333333333333,0.0,0.16666666666666666,0.018518518518518517,0.0,0.009259259259259259,0.027777777777777776,0.027777777777777776,0.018518518518518517,0.05555555555555555,0.027777777777777776,0.17592592592592593,0.027777777777777776,0.009259259259259259,2
143,0.0,0.04591836734693878,0.0663265306122449,0.05612244897959184,0.05612244897959184,0.30612244897959184,0.01020408163265306,0.00510204081632653,0.09183673469387756,0.05102040816326531,0.0,0.00510204081632653,0.025510204081632654,0.015306122448979591,0.01020408163265306,0.20918367346938777,0.02040816326530612,0.015306122448979591,0.01020408163265306,0.0,1
144,0.0,0.09946236559139784,0.10483870967741936,0.03494623655913978,0.0456989247311828,0.1478494623655914,0.051075268817204304,0.005376344086021506,0.13978494623655913,0.04838709677419355,0.0,0.016129032258064516,0.008064516129032258,0.021505376344086023,0.021505376344086023,0.10752688172043011,0.03763440860215054,0.08333333333333333,0.016129032258064516,0.010752688172043012,0
145,0.0,0.10810810810810811,0.14864864864864866,0.04054054054054054,0.04054054054054054,0.10810810810810811,0.0945945945945946,0.0,0.12162162162162163,0.02702702702702703,0.0,0.0,0.02702702702702703,0.02702702702702703,0.013513513513513514,0.04054054054054054,0.05405405405405406,0.12162162162162163,0.013513513513513514,0.013513513513513514,0
146,0.0,0.056818181818181816,0.022727272727272728,0.022727272727272728,0.07954545454545454,0.13636363636363635,0.06818181818181818,0.0,0.13636363636363635,0.056818181818181816,0.0,0.03409090909090909,0.011363636363636364,0.0,0.056818181818181816,0.13636363636363635,0.045454545454545456,0.125,0.011363636363636364,0.0,0
147,0.0,0.1320754716981132,0.03773584905660377,0.018867924528301886,0.018867924528301886,0.24528301886792453,0.05660377358490566,0.0,0.1320754716981132,0.018867924528301886,0.0,0.018867924528301886,0.0,0.018867924528301886,0.0,0.1320754716981132,0.03773584905660377,0.07547169811320754,0.03773584905660377,0.018867924528301886,1
148,0.0,0.09574468085106383,0.16489361702127658,0.10106382978723404,0.06914893617021277,0.07446808510638298,0.010638297872340425,0.0,0.07446808510638298,0.11702127659574468,0.0,0.0,0.0851063829787234,0.026595744680851064,0.015957446808510637,0.06914893617021277,0.05319148936170213,0.031914893617021274,0.010638297872340425,0.0,3
149,0.0,0.19662921348314608,0.15730337078651685,0.016853932584269662,0.028089887640449437,0.056179775280898875,0.016853932584269662,0.0,0.03932584269662921,0.016853932584269662,0.0,0.033707865168539325,0.0,0.0,0.011235955056179775,0.0056179775280898875,0.3089887640449438,0.10112359550561797,0.0056179775280898875,0.0056179775280898875,3
150,0.0,0.14285714285714285,0.1,0.0,0.014285714285714285,0.12857142857142856,0.05714285714285714,0.0,0.14285714285714285,0.02857142857142857,0.0,0.0,0.0,0.014285714285714285,0.04285714285714286,0.07142857142857142,0.04285714285714286,0.21428571428571427,0.0,0.0,2
151,0.0,0.06666666666666667,0.1,0.03333333333333333,0.09333333333333334,0.25333333333333335,0.013333333333333334,0.0,0.09333333333333334,0.08,0.0,0.04666666666666667,0.0,0.02666666666666667,0.006666666666666667,0.06,0.02666666666666667,0.1,0.0,0.0,1
152,0.0,0.09714285714285714,0.05714285714285714,0.005714285714285714,0.005714285714285714,0.09142857142857143,0.12571428571428572,0.022857142857142857,0.2342857142857143,0.017142857142857144,0.005714285714285714,0.005714285714285714,0.017142857142857144,0.005714285714285714,0.045714285714285714,0.04,0.045714285714285714,0.14285714285714285,0.03428571428571429,0.0,2
153,0.0,0.07231404958677685,0.09710743801652892,0.03305785123966942,0.047520661157024795,0.15495867768595042,0.030991735537190084,0.002066115702479339,0.22933884297520662,0.05165289256198347,0.002066115702479339,0.008264462809917356,0.022727272727272728,0.01859504132231405,0.008264462809917356,0.10743801652892562,0.047520661157024795,0.04338842975206612,0.01859504132231405,0.004132231404958678,4
154,0.0,0.1732283464566929,0.16535433070866143,0.06299212598425197,0.06299212598425197,0.06299212598425197,0.03937007874015748,0.0,0.05511811023622047,0.06299212598425197,0.0,0.0,0.11023622047244094,0.0,0.015748031496062992,0.023622047244094488,0.11811023622047244,0.031496062992125984,0.015748031496062992,0.0,3
155,0.0,0.15503875968992248,0.16279069767441862,0.05426356589147287,0.07751937984496124,0.20155038759689922,0.05426356589147287,0.0,0.05426356589147287,0.03875968992248062,0.0,0.007751937984496124,0.0,0.007751937984496124,0.0,0.031007751937984496,0.07751937984496124,0.05426356589147287,0.015503875968992248,0.007751937984496124,3
156,0.0,0.05036726128016789,0.05141657922350472,0.011542497376705142,0.023084994753410283,0.21511017838405036,0.07345225603357818,0.0031479538300104933,0.2266526757607555,0.033578174186778595,0.012591815320041973,0.0062959076600209865,0.001049317943336831,0.02098635886673662,0.03777544596012592,0.10598111227701994,0.026232948583420776,0.06505771248688352,0.02938090241343127,0.0062959076600209865,4
157,0.0,0.09433962264150944,0.11320754716981132,0.018867924528301886,0.07547169811320754,0.24528301886792453,0.05660377358490566,0.0,0.16981132075471697,0.03773584905660377,0.0,0.0,0.0,0.0,0.03773584905660377,0.03773584905660377,0.03773584905660377,0.05660377358490566,0.018867924528301886,0.0,1
158,0.0,0.1076923076923077,0.06153846153846154,0.0,0.015384615384615385,0.15384615384615385,0.07692307692307693,0.015384615384615385,0.1076923076923077,0.09230769230769231,0.0,0.07692307692307693,0.0,0.0,0.015384615384615385,0.06153846153846154,0.06153846153846154,0.15384615384615385,0.0,0.0,0
159,0.0,0.03137254901960784,0.07450980392156863,0.050980392156862744,0.0392156862745098,0.2,0.023529411764705882,0.0,0.2235294117647059,0.050980392156862744,0.0,0.0,0.011764705882352941,0.0196078431372549,0.00392156862745098,0.20392156862745098,0.023529411764705882,0.03137254901960784,0.011764705882352941,0.0,4
160,0.0,0.1397934868943606,0.09293089753772836,0.020651310563939634,0.04130262112787927,0.09531374106433678,0.054011119936457505,0.0,0.12231930103256553,0.048451151707704525,0.0015885623510722795,0.04765687053216839,0.003177124702144559,0.016679904686258934,0.028594122319301033,0.04289118347895155,0.10405083399523431,0.12390786338363781,0.014297061159650517,0.0023828435266084196,3
161,0.0,0.03225806451612903,0.11290322580645161,0.10483870967741936,0.12096774193548387,0.20161290322580644,0.024193548387096774,0.016129032258064516,0.07258064516129033,0.07258064516129033,0.0,0.008064516129032258,0.0,0.056451612903225805,0.008064516129032258,0.0967741935483871,0.04838709677419355,0.024193548387096774,0.0,0.0,1
162,0.0,0.05154639175257732,0.030927835051546393,0.010309278350515464,0.010309278350515464,0.10309278350515463,0.09278350515463918,0.0,0.36082474226804123,0.010309278350515464,0.0,0.0,0.010309278350515464,0.010309278350515464,0.010309278350515464,0.14432989690721648,0.010309278350515464,0.09278350515463918,0.030927835051546393,0.020618556701030927,4
163,0.0,0.08620689655172414,0.034482758620689655,0.0,0.017241379310344827,0.20689655172413793,0.034482758620689655,0.0,0.1724137931034483,0.017241379310344827,0.017241379310344827,0.034482758620689655,0.0,0.0,0.08620689655172414,0.1206896551724138,0.034482758620689655,0.13793103448275862,0.0,0.0,0
164,0.0,0.29357798165137616,0.1651376146788991,0.0,0.01834862385321101,0.045871559633027525,0.027522935779816515,0.0,0.08256880733944955,0.01834862385321101,0.0,0.01834862385321101,0.0,0.0,0.0,0.03669724770642202,0.14678899082568808,0.11926605504587157,0.01834862385321101,0.009174311926605505,3
165,0.0,0.15846994535519127,0.09289617486338798,0.01092896174863388,0.01639344262295082,0.12021857923497267,0.09289617486338798,0.0,0.18579234972677597,0.02185792349726776,0.0,0.01092896174863388,0.0,0.00546448087431694,0.01639344262295082,0.08196721311475409,0.0546448087431694,0.10382513661202186,0.01092896174863388,0.01639344262295082,2
166,0.0,0.14558058925476602,0.09185441941074524,0.025996533795493933,0.025996533795493933,0.09012131715771231,0.09012131715771231,0.0034662045060658577,0.14558058925476602,0.05025996533795494,0.005199306759098787,0.024263431542461005,0.012131715771230503,0.005199306759098787,0.03466204506065858,0.04852686308492201,0.058925476603119586,0.11785095320623917,0.019064124783362217,0.005199306759098787,2
167,0.0,0.10058027079303675,0.11411992263056092,0.048355899419729204,0.061895551257253385,0.19148936170212766,0.05609284332688588,0.0,0.0735009671179884,0.08123791102514506,0.0019342359767891683,0.02127659574468085,0.015473887814313346,0.030947775628626693,0.009671179883945842,0.05029013539651837,0.06769825918762089,0.059961315280464215,0.01160541586073501,0.0038684719535783366,0
168,0.0,0.06557377049180328,0.040983606557377046,0.012295081967213115,0.020491803278688523,0.10245901639344263,0.10245901639344263,0.00819672131147541,0.2581967213114754,0.020491803278688523,0.02459016393442623,0.012295081967213115,0.0,0.00819672131147541,0.06967213114754098,0.06147540983606557,0.01639344262295082,0.10245901639344263,0.05327868852459016,0.020491803278688523,4
169,0.0,0.060085836909871244,0.07725321888412018,0.034334763948497854,0.06580829756795423,0.20743919885550788,0.032904148783977114,0.004291845493562232,0.1473533619456366,0.060085836909871244,0.0,0.008583690987124463,0.008583690987124463,0.0715307582260372,0.008583690987124463,0.11587982832618025,0.0357653791130186,0.04291845493562232,0.01430615164520744,0.004291845493562232,1
170,0.0,0.12,0.08,0.03333333333333333,0.06666666666666667,0.11333333333333333,0.04666666666666667,0.0,0.16,0.03333333333333333,0.0,0.006666666666666667,0.02,0.03333333333333333,0.006666666666666667,0.08,0.02,0.12666666666666668,0.02666666666666667,0.02666666666666667,0
171,0.0,0.09417040358744394,0.09865470852017937,0.03587443946188341,0.04932735426008968,0.13901345291479822,0.08071748878923767,0.0,0.15246636771300448,0.06726457399103139,0.0,0.013452914798206279,0.0,0.03587443946188341,0.03587443946188341,0.03587443946188341,0.04484304932735426,0.08520179372197309,0.008968609865470852,0.02242152466367713,0
172,0.0,0.14084507042253522,0.14084507042253522,0.014084507042253521,0.028169014084507043,0.1267605633802817,0.04225352112676056,0.0,0.1267605633802817,0.07042253521126761,0.0,0.08450704225352113,0.0,0.014084507042253521,0.014084507042253521,0.014084507042253521,0.056338028169014086,0.07042253521126761,0.04225352112676056,0.014084507042253521,3
173,0.0,0.10666666666666667,0.09333333333333334,0.02666666666666667,0.05333333333333334,0.16,0.04,0.0,0.14666666666666667,0.04,0.0,0.013333333333333334,0.02666666666666667,0.02666666666666667,0.0,0.09333333333333334,0.05333333333333334,0.08,0.04,0.0,0
174,0.0,0.12972972972972974,0.10270270270270271,0.010810810810810811,0.02702702702702703,0.15135135135135136,0.04864864864864865,0.0,0.14054054054054055,0.02702702702702703,0.0,0.010810810810810811,0.010810810810810811,0.010810810810810811,0.02702702702702703,0.07567567567567568,0.05945945945945946,0.12972972972972974,0.016216216216216217,0.021621621621621623,0
175,0.0,0.0,0.0,0.0,0.045454545454545456,0.20454545454545456,0.0,0.0,0.3409090909090909,0.0,0.0,0.022727272727272728,0.0,0.06818181818181818,0.0,0.20454545454545456,0.06818181818181818,0.045454545454545456,0.0,0.0,4
176,0.0,0.1782178217821782,0.13861386138613863,0.009900990099009901,0.009900990099009901,0.1188118811881188,0.06930693069306931,0.0,0.1188118811881188,0.009900990099009901,0.0,0.009900990099009901,0.009900990099009901,0.009900990099009901,0.009900990099009901,0.039603960396039604,0.04950495049504951,0.15841584158415842,0.019801980198019802,0.039603960396039604,3
177,0.0,0.08206923376118241,0.08518086347724621,0.03928432516530533,0.056398288603656165,0.15246985608712563,0.048230260598988724,0.0011668611435239206,0.14935822637106183,0.058343057176196034,0.003500583430571762,0.023726176584986387,0.021781408012446518,0.029171528588098017,0.024504084014002333,0.09062621548035783,0.04045118630882925,0.0750680669000389,0.013613380007779074,0.005056398288603656,0
178,0.0,0.10697674418604651,0.08372093023255814,0.018604651162790697,0.023255813953488372,0.11162790697674418,0.07441860465116279,0.009302325581395349,0.17674418604651163,0.037209302325581395,0.0,0.013953488372093023,0.009302325581395349,0.009302325581395349,0.027906976744186046,0.08837209302325581,0.046511627906976744,0.12093023255813953,0.037209302325581395,0.004651162790697674,2
179,0.0,0.143646408839779,0.09944751381215469,0.011049723756906077,0.022099447513812154,0.16574585635359115,0.07734806629834254,0.0,0.12154696132596685,0.022099447513812154,0.0,0.016574585635359115,0.011049723756906077,0.0055248618784530384,0.022099447513812154,0.049723756906077346,0.049723756906077346,0.16022099447513813,0.016574585635359115,0.0055248618784530384,0
180,0.0,0.14925373134328357,0.14925373134328357,0.014925373134328358,0.014925373134328358,0.13432835820895522,0.029850746268656716,0.0,0.1044776119402985,0.1044776119402985,0.014925373134328358,0.029850746268656716,0.0,0.0,0.0,0.029850746268656716,0.11940298507462686,0.08955223880597014,0.014925373134328358,0.0,3
181,0.0,0.11650485436893204,0.05501618122977346,0.012944983818770227,0.032362459546925564,0.16181229773462782,0.06472491909385113,0.0,0.16181229773462782,0.03559870550161812,0.0,0.012944983818770227,0.003236245954692557,0.019417475728155338,0.016181229773462782,0.08737864077669903,0.025889967637540454,0.1488673139158576,0.019417475728155338,0.025889967637540454,0
182,0.0,0.1075487012987013,0.0698051948051948,0.012581168831168832,0.01176948051948052,0.13352272727272727,0.07751623376623376,0.006087662337662338,0.1984577922077922,0.0349025974025974,0.004464285714285714,0.02353896103896104,0.002840909090909091,0.008116883116883116,0.032873376623376624,0.06574675324675325,0.06412337662337662,0.11688311688311688,0.024756493506493508,0.004464285714285714,2
183,0.0,0.2795031055900621,0.12422360248447205,0.0,0.006211180124223602,0.049689440993788817,0.055900621118012424,0.0,0.11180124223602485,0.006211180124223602,0.0,0.037267080745341616,0.0,0.006211180124223602,0.006211180124223602,0.018633540372670808,0.09316770186335403,0.13043478260869565,0.049689440993788817,0.024844720496894408,3
184,0.002793296089385475,0.17318435754189945,0.10614525139664804,0.08100558659217877,0.019553072625698324,0.07541899441340782,0.0335195530726257,0.0223463687150838,0.11731843575418995,0.055865921787709494,0.0,0.013966480446927373,0.0335195530726257,0.0,0.036312849162011177,0.01675977653631285,0.11452513966480447,0.08100558659217877,0.01675977653631285,0.0,3
185,0.0,0.02027027027027027,0.08108108108108109,0.08783783783783784,0.10135135135135136,0.13513513513513514,0.033783783783783786,0.0,0.14864864864864866,0.05405405405405406,0.0,0.013513513513513514,0.013513513513513514,0.08108108108108109,0.02027027027027027,0.14189189189189189,0.013513513513513514,0.0472972972972973,0.006756756756756757,0.0,1
186,0.0,0.12173913043478261,0.13768115942028986,0.02318840579710145,0.0536231884057971,0.10434782608695652,0.02463768115942029,0.0014492753623188406,0.09710144927536232,0.06376811594202898,0.004347826086956522,0.028985507246376812,0.004347826086956522,0.02463768115942029,0.021739130434782608,0.059420289855072465,0.12753623188405797,0.08550724637681159,0.010144927536231883,0.005797101449275362,3
187,0.0,0.10026737967914438,0.0748663101604278,0.03074866310160428,0.012032085561497326,0.09090909090909091,0.08422459893048129,0.022727272727272728,0.18716577540106952,0.04411764705882353,0.0106951871657754,0.0427807486631016,0.008021390374331552,0.0053475935828877,0.03609625668449198,0.03877005347593583,0.06417112299465241,0.1163101604278075,0.0213903743315508,0.009358288770053475,2
188,0.0,0.01694915254237288,0.00847457627118644,0.01694915254237288,0.03389830508474576,0.19491525423728814,0.00847457627118644,0.0,0.19491525423728814,0.03389830508474576,0.025423728813559324,0.0,0.0,0.11864406779661017,0.07627118644067797,0.1440677966101695,0.00847457627118644,0.07627118644067797,0.03389830508474576,0.00847457627118644,4
189,0.0,0.1323529411764706,0.10294117647058823,0.029411764705882353,0.029411764705882353,0.029411764705882353,0.1323529411764706,0.0,0.16176470588235295,0.07352941176470588,0.0,0.029411764705882353,0.07352941176470588,0.0,0.029411764705882353,0.029411764705882353,0.029411764705882353,0.08823529411764706,0.029411764705882353,0.0,2
190,0.0,0.07462686567164178,0.08955223880597014,0.024875621890547265,0.029850746268656716,0.11940298507462686,0.0845771144278607,0.009950248756218905,0.1791044776119403,0.05970149253731343,0.004975124378109453,0.0,0.029850746268656716,0.004975124378109453,0.05472636815920398,0.08955223880597014,0.04477611940298507,0.07960199004975124,0.01990049751243781,0.0,0
191,0.0,0.07317073170731707,0.06341463414634146,0.014634146341463415,0.024390243902439025,0.15121951219512195,0.06829268292682927,0.01951219512195122,0.25853658536585367,0.01951219512195122,0.004878048780487805,0.0,0.004878048780487805,0.0,0.03414634146341464,0.1073170731707317,0.02926829268292683,0.1024390243902439,0.01951219512195122,0.004878048780487805,4
192,0.0,0.1527777777777778,0.1111111111111111,0.0,0.0,0.06944444444444445,0.06944444444444445,0.0,0.16666666666666666,0.013888888888888888,0.0,0.013888888888888888,0.013888888888888888,0.0,0.027777777777777776,0.041666666666666664,0.05555555555555555,0.18055555555555555,0.041666666666666664,0.041666666666666664,2
193,0.0,0.08737864077669903,0.13592233009708737,0.02912621359223301,0.009708737864077669,0.08737864077669903,0.07766990291262135,0.0,0.21359223300970873,0.05825242718446602,0.0,0.019417475728155338,0.009708737864077669,0.0,0.019417475728155338,0.06796116504854369,0.06796116504854369,0.0970873786407767,0.019417475728155338,0.0,2
194,0.0,0.1206896551724138,0.05172413793103448,0.017241379310344827,0.017241379310344827,0.1896551724137931,0.05172413793103448,0.0,0.13793103448275862,0.0,0.017241379310344827,0.017241379310344827,0.0,0.05172413793103448,0.017241379310344827,0.13793103448275862,0.034482758620689655,0.06896551724137931,0.05172413793103448,0.017241379310344827,1
195,0.0,0.10629067245119306,0.0650759219088937,0.006507592190889371,0.013015184381778741,0.11279826464208242,0.0911062906724512,0.0,0.24078091106290672,0.019522776572668113,0.004338394793926247,0.026030368763557483,0.0021691973969631237,0.006507592190889371,0.04338394793926247,0.05422993492407809,0.0368763557483731,0.13232104121475055,0.03036876355748373,0.008676789587852495,2
196,0.0,0.16091954022988506,0.13793103448275862,0.022988505747126436,0.022988505747126436,0.022988505747126436,0.05747126436781609,0.0,0.1839080459770115,0.022988505747126436,0.0,0.022988505747126436,0.04597701149425287,0.011494252873563218,0.04597701149425287,0.0,0.08045977011494253,0.12643678160919541,0.034482758620689655,0.0,3
197,0.0,0.16666666666666666,0.041666666666666664,0.0,0.0,0.11458333333333333,0.125,0.0,0.17708333333333334,0.0,0.0,0.020833333333333332,0.0,0.0,0.020833333333333332,0.0625,0.08333333333333333,0.14583333333333334,0.020833333333333332,0.020833333333333332,2
198,0.0,0.09166666666666666,0.06,0.006666666666666667,0.008333333333333333,0.11333333333333333,0.06666666666666667,0.0,0.21333333333333335,0.018333333333333333,0.006666666666666667,0.028333333333333332,0.0033333333333333335,0.0016666666666666668,0.055,0.08666666666666667,0.105,0.10833333333333334,0.02,0.006666666666666667,2
199,0.0,0.09662921348314607,0.04719101123595506,0.0011235955056179776,0.0033707865168539327,0.14382022471910114,0.09550561797752809,0.0056179775280898875,0.2348314606741573,0.014606741573033709,0.0044943820224719105,0.014606741573033709,0.0044943820224719105,0.0022471910112359553,0.035955056179775284,0.09662921348314607,0.03707865168539326,0.10561797752808989,0.04719101123595506,0.008988764044943821,4
200,0.0,0.1217877094972067,0.10279329608938548,0.013407821229050279,0.027932960893854747,0.19441340782122904,0.05251396648044693,0.0011173184357541898,0.13072625698324022,0.04581005586592179,0.0033519553072625698,0.008938547486033519,0.013407821229050279,0.017877094972067038,0.01452513966480447,0.10726256983240223,0.05251396648044693,0.07597765363128492,0.012290502793296089,0.0033519553072625698,0
201,0.0,0.11598746081504702,0.10031347962382445,0.01567398119122257,0.02821316614420063,0.18181818181818182,0.03761755485893417,0.0,0.10658307210031348,0.047021943573667714,0.003134796238244514,0.0219435736677116,0.003134796238244514,0.009404388714733543,0.01567398119122257,0.10658307210031348,0.11285266457680251,0.07836990595611286,0.009404388714733543,0.006269592476489028,0
202,0.0,0.12715105162523901,0.08986615678776291,0.011472275334608031,0.015296367112810707,0.10325047801147227,0.055449330783938815,0.0028680688336520078,0.2170172084130019,0.03154875717017208,0.0057361376673040155,0.010516252390057362,0.0019120458891013384,0.008604206500956023,0.03441682600382409,0.07648183556405354,0.0621414913957935,0.10133843212237094,0.029636711281070746,0.015296367112810707,2
203,0.0,0.14925373134328357,0.12686567164179105,0.022388059701492536,0.029850746268656716,0.1044776119402985,0.07462686567164178,0.0,0.11940298507462686,0.08208955223880597,0.0,0.007462686567164179,0.029850746268656716,0.0,0.022388059701492536,0.014925373134328358,0.06716417910447761,0.11940298507462686,0.014925373134328358,0.014925373134328358,3
204,0.0,0.08032128514056225,0.05622489959839357,0.05622489959839357,0.05220883534136546,0.10441767068273092,0.09236947791164658,0.0,0.17269076305220885,0.04819277108433735,0.012048192771084338,0.0321285140562249,0.024096385542168676,0.0,0.04417670682730924,0.028112449799196786,0.04417670682730924,0.12048192771084337,0.028112449799196786,0.004016064257028112,2
205,0.0,0.13636363636363635,0.1590909090909091,0.011363636363636364,0.03409090909090909,0.045454545454545456,0.022727272727272728,0.011363636363636364,0.125,0.11363636363636363,0.0,0.0,0.09090909090909091,0.022727272727272728,0.03409090909090909,0.045454545454545456,0.03409090909090909,0.056818181818181816,0.045454545454545456,0.011363636363636364,3
206,0.0,0.0945945945945946,0.10810810810810811,0.04054054054054054,0.05405405405405406,0.10810810810810811,0.02702702702702703,0.0,0.16216216216216217,0.04054054054054054,0.0,0.0,0.0,0.04054054054054054,0.04054054054054054,0.10810810810810811,0.04054054054054054,0.12162162162162163,0.0,0.013513513513513514,0
207,0.0,0.125,0.14583333333333334,0.0,0.020833333333333332,0.14583333333333334,0.020833333333333332,0.0,0.125,0.0625,0.0,0.08333333333333333,0.0,0.0,0.0,0.041666666666666664,0.0625,0.14583333333333334,0.0,0.020833333333333332,0
208,0.0,0.21686746987951808,0.0963855421686747,0.0,0.0,0.060240963855421686,0.07228915662650602,0.0,0.12048192771084337,0.012048192771084338,0.0,0.03614457831325301,0.0,0.0,0.04819277108433735,0.03614457831325301,0.07228915662650602,0.1927710843373494,0.03614457831325301,0.0,3
209,0.0,0.1504424778761062,0.10619469026548672,0.008849557522123894,0.008849557522123894,0.05309734513274336,0.07964601769911504,0.0,0.19469026548672566,0.04424778761061947,0.0,0.035398230088495575,0.04424778761061947,0.0,0.05309734513274336,0.035398230088495575,0.05309734513274336,0.10619469026548672,0.02654867256637168,0.0,2
210,0.002145922746781116,0.1459227467811159,0.19527896995708155,0.04935622317596566,0.060085836909871244,0.06223175965665236,0.012875536480686695,0.0,0.06866952789699571,0.08369098712446352,0.0,0.006437768240343348,0.05793991416309013,0.0,0.012875536480686695,0.017167381974248927,0.1759656652360515,0.045064377682403435,0.004291845493562232,0.0,3
211,0.0,0.17105263157894737,0.1118421052631579,0.01644736842105263,0.019736842105263157,0.06578947368421052,0.09539473684210527,0.0,0.11513157894736842,0.02631578947368421,0.003289473684210526,0.006578947368421052,0.039473684210526314,0.013157894736842105,0.046052631578947366,0.02631578947368421,0.08552631578947369,0.13486842105263158,0.023026315789473683,0.0,3
212,0.0013422818791946308,0.14496644295302014,0.11677852348993288,0.04832214765100671,0.040268456375838924,0.11677852348993288,0.06308724832214765,0.0,0.12483221476510067,0.05906040268456376,0.0013422818791946308,0.01879194630872483,0.03758389261744966,0.008053691275167786,0.025503355704697986,0.032214765100671144,0.06845637583892618,0.0738255033557047,0.013422818791946308,0.005369127516778523,3
213,0.0,0.1388888888888889,0.11904761904761904,0.027777777777777776,0.03968253968253968,0.08333333333333333,0.031746031746031744,0.0,0.1111111111111111,0.07142857142857142,0.0,0.05555555555555555,0.031746031746031744,0.003968253968253968,0.031746031746031744,0.04365079365079365,0.06349206349206349,0.13095238095238096,0.015873015873015872,0.0,3
214,0.0,0.08196721311475409,0.09836065573770492,0.03278688524590164,0.04918032786885246,0.13114754098360656,0.01639344262295082,0.0,0.14754098360655737,0.08196721311475409,0.0,0.0,0.0,0.03278688524590164,0.03278688524590164,0.13114754098360656,0.06557377049180328,0.09836065573770492,0.0,0.0,0
215,0.0,0.08713692946058091,0.06639004149377593,0.0,0.004149377593360996,0.17427385892116182,0.08298755186721991,0.004149377593360996,0.21991701244813278,0.03734439834024896,0.004149377593360996,0.02074688796680498,0.004149377593360996,0.0,0.03734439834024896,0.11203319502074689,0.03319502074688797,0.07468879668049792,0.03319502074688797,0.004149377593360996,4
216,0.0,0.04830917874396135,0.04830917874396135,0.043478260869565216,0.043478260869565216,0.2632850241545894,0.05314009661835749,0.0024154589371980675,0.1497584541062802,0.04106280193236715,0.021739130434782608,0.007246376811594203,0.004830917874396135,0.050724637681159424,0.021739130434782608,0.09420289855072464,0.024154589371980676,0.06280193236714976,0.012077294685990338,0.007246376811594203,1
217,0.0,0.14890965732087227,0.10841121495327102,0.0161993769470405,0.04672897196261682,0.1881619937694704,0.05420560747663551,0.0,0.10404984423676013,0.04423676012461059,0.001869158878504673,0.01557632398753894,0.0,0.01557632398753894,0.019937694704049845,0.04610591900311527,0.06355140186915888,0.09968847352024922,0.01806853582554517,0.008722741433021807,0
218,0.0,0.11594202898550725,0.13043478260869565,0.0,0.0,0.15942028985507245,0.043478260869565216,0.0,0.08695652173913043,0.028985507246376812,0.014492753623188406,0.028985507246376812,0.043478260869565216,0.028985507246376812,0.057971014492753624,0.043478260869565216,0.08695652173913043,0.08695652173913043,0.043478260869565216,0.0,0
219,0.0,0.1594855305466238,0.09967845659163987,0.02572347266881029,0.028938906752411574,0.1292604501607717,0.07909967845659165,0.002572347266881029,0.10032154340836012,0.04180064308681672,0.005144694533762058,0.019935691318327974,0.012861736334405145,0.0090032154340836,0.033440514469453377,0.037942122186495175,0.07588424437299035,0.12797427652733118,0.0077170418006430866,0.003215434083601286,3
220,0.0,0.15615141955835962,0.13722397476340695,0.04100946372239748,0.04574132492113565,0.11829652996845426,0.05362776025236593,0.0015772870662460567,0.09305993690851735,0.03943217665615142,0.0,0.007886435331230283,0.031545741324921134,0.012618296529968454,0.015772870662460567,0.03470031545741325,0.08990536277602523,0.10252365930599369,0.011041009463722398,0.007886435331230283,3
221,0.0,0.0663265306122449,0.04974489795918367,0.00510204081632653,0.008928571428571428,0.13903061224489796,0.10204081632653061,0.016581632653061226,0.24744897959183673,0.02423469387755102,0.02295918367346939,0.017857142857142856,0.0012755102040816326,0.007653061224489796,0.05102040816326531,0.06887755102040816,0.03188775510204082,0.08290816326530612,0.03443877551020408,0.021683673469387755,4
222,0.0,0.12379421221864952,0.05627009646302251,0.012861736334405145,0.01607717041800643,0.18167202572347266,0.10771704180064309,0.003215434083601286,0.18488745980707397,0.01607717041800643,0.00482315112540193,0.011254019292604502,0.017684887459807074,0.008038585209003215,0.024115755627009645,0.06913183279742766,0.04501607717041801,0.08842443729903537,0.022508038585209004,0.006430868167202572,0
223,0.0,0.1111111111111111,0.09829059829059829,0.03418803418803419,0.042735042735042736,0.10683760683760683,0.05128205128205128,0.004273504273504274,0.1282051282051282,0.0641025641025641,0.004273504273504274,0.02564102564102564,0.029914529914529916,0.01282051282051282,0.03418803418803419,0.07264957264957266,0.05555555555555555,0.1111111111111111,0.008547008547008548,0.004273504273504274,0
224,0.0,0.05384615384615385,0.05384615384615385,0.007692307692307693,0.023076923076923078,0.27692307692307694,0.023076923076923078,0.0,0.16153846153846155,0.06153846153846154,0.0,0.015384615384615385,0.0,0.0,0.007692307692307693,0.2230769230769231,0.03076923076923077,0.03076923076923077,0.03076923076923077,0.0,1
225,0.0,0.056179775280898875,0.06741573033707865,0.011235955056179775,0.011235955056179775,0.28651685393258425,0.033707865168539325,0.0,0.0898876404494382,0.0449438202247191,0.0,0.1348314606741573,0.0,0.011235955056179775,0.03932584269662921,0.07865168539325842,0.056179775280898875,0.07303370786516854,0.0056179775280898875,0.0,1
226,0.0,0.08234421364985163,0.09347181008902077,0.028931750741839762,0.05192878338278932,0.2099406528189911,0.05712166172106825,0.004451038575667656,0.12091988130563798,0.05934718100890208,0.0,0.026706231454005934,0.010385756676557863,0.02596439169139466,0.02744807121661721,0.06528189910979229,0.052670623145400594,0.06676557863501484,0.008160237388724036,0.008160237388724036,1
227,0.0,0.10861423220973783,0.07865168539325842,0.0149812734082397,0.011235955056179775,0.06367041198501873,0.08614232209737828,0.0149812734082397,0.2247191011235955,0.026217228464419477,0.003745318352059925,0.003745318352059925,0.033707865168539325,0.00749063670411985,0.033707865168539325,0.056179775280898875,0.0749063670411985,0.11235955056179775,0.04119850187265917,0.003745318352059925,2
228,0.0,0.19444444444444445,0.1111111111111111,0.027777777777777776,0.027777777777777776,0.027777777777777776,0.05555555555555555,0.0,0.08333333333333333,0.013888888888888888,0.0,0.06944444444444445,0.0,0.0,0.027777777777777776,0.027777777777777776,0.1527777777777778,0.16666666666666666,0.013888888888888888,0.0,3
229,0.0,0.12048192771084337,0.0783132530120482,0.012048192771084338,0.030120481927710843,0.1686746987951807,0.08433734939759036,0.0,0.1686746987951807,0.03614457831325301,0.0,0.012048192771084338,0.012048192771084338,0.006024096385542169,0.006024096385542169,0.0783132530120482,0.030120481927710843,0.13253012048192772,0.018072289156626505,0.006024096385542169,0
230,0.0,0.13114754098360656,0.11007025761124122,0.03981264637002342,0.05620608899297424,0.12412177985948478,0.03981264637002342,0.0,0.09836065573770492,0.05620608899297424,0.0,0.03747072599531616,0.0234192037470726,0.0234192037470726,0.01873536299765808,0.06557377049180328,0.07494145199063232,0.0936768149882904,0.00468384074941452,0.00234192037470726,0
231,0.0,0.171875,0.109375,0.0,0.0,0.0625,0.109375,0.0,0.140625,0.015625,0.0,0.046875,0.03125,0.0,0.0,0.0625,0.140625,0.09375,0.015625,0.0,3
232,0.0,0.1134575569358178,0.08281573498964803,0.028985507246376812,0.0484472049689441,0.15527950310559005,0.054244306418219465,0.006211180124223602,0.13540372670807455,0.04803312629399586,0.00041407867494824016,0.033126293995859216,0.015734989648033125,0.019461697722567287,0.02608695652173913,0.06335403726708075,0.05093167701863354,0.10227743271221532,0.013250517598343685,0.002484472049689441,0
233,0.0,0.10599078341013825,0.08986175115207373,0.02304147465437788,0.02534562211981567,0.0967741935483871,0.0944700460829493,0.004608294930875576,0.1912442396313364,0.05069124423963134,0.002304147465437788,0.009216589861751152,0.029953917050691243,0.009216589861751152,0.03686635944700461,0.041474654377880185,0.059907834101382486,0.09907834101382489,0.027649769585253458,0.002304147465437788,2
234,0.0,0.13253012048192772,0.1566265060240964,0.060240963855421686,0.13403614457831325,0.1280120481927711,0.03313253012048193,0.0,0.06927710843373494,0.07078313253012049,0.0,0.015060240963855422,0.0015060240963855422,0.030120481927710843,0.012048192771084338,0.030120481927710843,0.06475903614457831,0.04216867469879518,0.007530120481927711,0.012048192771084338,3
235,0.0,0.08888888888888889,0.08333333333333333,0.03333333333333333,0.05555555555555555,0.14444444444444443,0.044444444444444446,0.005555555555555556,0.16111111111111112,0.03333333333333333,0.0,0.005555555555555556,0.016666666666666666,0.03333333333333333,0.016666666666666666,0.1,0.03888888888888889,0.10555555555555556,0.022222222222222223,0.011111111111111112,0
236,0.0,0.04838709677419355,0.03225806451612903,0.0,0.0,0.27419354838709675,0.04838709677419355,0.0,0.08064516129032258,0.04838709677419355,0.0,0.1935483870967742,0.0,0.016129032258064516,0.04838709677419355,0.04838709677419355,0.04838709677419355,0.11290322580645161,0.0,0.0,1
237,0.0,0.1276595744680851,0.04964539007092199,0.0070921985815602835,0.0070921985815602835,0.11347517730496454,0.09929078014184398,0.0,0.1773049645390071,0.02127659574468085,0.0,0.0070921985815602835,0.014184397163120567,0.0,0.06382978723404255,0.05673758865248227,0.07801418439716312,0.14893617021276595,0.028368794326241134,0.0,2
238,0.0,0.15454545454545454,0.045454545454545456,0.0,0.02727272727272727,0.05454545454545454,0.14545454545454545,0.0,0.21818181818181817,0.0,0.00909090909090909,0.01818181818181818,0.0,0.0,0.03636363636363636,0.03636363636363636,0.00909090909090909,0.15454545454545454,0.05454545454545454,0.03636363636363636,2
239,0.0,0.14982164090368608,0.09988109393579073,0.0178359096313912,0.020214030915576695,0.09988109393579073,0.08561236623067776,0.0047562425683709865,0.14387633769322236,0.04280618311533888,0.0023781212841854932,0.009512485136741973,0.020214030915576695,0.0047562425683709865,0.029726516052318668,0.04637336504161712,0.07728894173602854,0.11890606420927467,0.019024970273483946,0.007134363852556481,2
240,0.0,0.12359550561797752,0.10674157303370786,0.028089887640449437,0.08146067415730338,0.1544943820224719,0.033707865168539325,0.0,0.11797752808988764,0.056179775280898875,0.0,0.016853932584269662,0.008426966292134831,0.02247191011235955,0.011235955056179775,0.06741573033707865,0.05898876404494382,0.08426966292134831,0.014044943820224719,0.014044943820224719,0
241,0.0,0.05,0.035,0.02,0.005,0.09,0.065,0.0,0.325,0.02,0.0,0.015,0.015,0.02,0.045,0.1,0.05,0.11,0.03,0.005,4
242,0.0,0.10101010101010101,0.1111111111111111,0.010101010101010102,0.020202020202020204,0.12121212121212122,0.09090909090909091,0.0,0.16161616161616163,0.020202020202020204,0.0,0.020202020202020204,0.010101010101010102,0.010101010101010102,0.020202020202020204,0.04040404040404041,0.050505050505050504,0.16161616161616163,0.020202020202020204,0.030303030303030304,2
243,0.0,0.20535714285714285,0.09821428571428571,0.026785714285714284,0.05357142857142857,0.11607142857142858,0.08035714285714286,0.0,0.07142857142857142,0.044642857142857144,0.0,0.0,0.008928571428571428,0.026785714285714284,0.008928571428571428,0.05357142857142857,0.03571428571428571,0.13392857142857142,0.03571428571428571,0.0,3
244,0.0,0.1970260223048327,0.09665427509293681,0.0,0.0037174721189591076,0.07063197026022305,0.06691449814126393,0.0,0.16356877323420074,0.022304832713754646,0.0037174721189591076,0.01858736059479554,0.0,0.0,0.01486988847583643,0.055762081784386616,0.06319702602230483,0.15613382899628253,0.055762081784386616,0.011152416356877323,2
245,0.0,0.0,0.023809523809523808,0.07142857142857142,0.07142857142857142,0.11904761904761904,0.09523809523809523,0.14285714285714285,0.23809523809523808,0.023809523809523808,0.0,0.0,0.0,0.0,0.023809523809523808,0.07142857142857142,0.0,0.09523809523809523,0.023809523809523808,0.0,4
246,0.0,0.11161387631975868,0.10256410256410256,0.04675716440422323,0.0392156862745098,0.09653092006033183,0.03619909502262444,0.0,0.1478129713423831,0.07692307692307693,0.004524886877828055,0.010558069381598794,0.0392156862745098,0.007541478129713424,0.03770739064856712,0.07088989441930618,0.07239819004524888,0.08446455505279035,0.007541478129713424,0.007541478129713424,0
247,0.0,0.116,0.126,0.044,0.05,0.07,0.06,0.0,0.134,0.062,0.002,0.006,0.05,0.022,0.038,0.044,0.072,0.084,0.016,0.004,3
248,0.006369426751592357,0.21019108280254778,0.2229299363057325,0.050955414012738856,0.044585987261146494,0.07643312101910828,0.01910828025477707,0.006369426751592357,0.025477707006369428,0.050955414012738856,0.0,0.0,0.03821656050955414,0.0,0.012738853503184714,0.012738853503184714,0.16560509554140126,0.05732484076433121,0.0,0.0,3
249,0.0,0.15191545574636725,0.09379128137384413,0.024108322324966975,0.023117569352708058,0.13870541611624834,0.06340819022457067,0.0016512549537648614,0.1060105680317041,0.0416116248348745,0.001321003963011889,0.03203434610303831,0.03302509907529723,0.00726552179656539,0.029392338177014532,0.03797886393659181,0.0785997357992074,0.11822985468956407,0.012549537648612946,0.005284015852047556,3
250,0.0,0.029850746268656716,0.05970149253731343,0.05970149253731343,0.05970149253731343,0.1044776119402985,0.04477611940298507,0.0,0.23880597014925373,0.029850746268656716,0.0,0.014925373134328358,0.0,0.04477611940298507,0.029850746268656716,0.1044776119402985,0.029850746268656716,0.11940298507462686,0.014925373134328358,0.014925373134328358,4
251,0.0,0.08695652173913043,0.043478260869565216,0.043478260869565216,0.043478260869565216,0.07246376811594203,0.11594202898550725,0.028985507246376812,0.21739130434782608,0.043478260869565216,0.0,0.014492753623188406,0.014492753623188406,0.0,0.028985507246376812,0.043478260869565216,0.014492753623188406,0.13043478260869565,0.057971014492753624,0.0,2
252,0.007194244604316547,0.07913669064748201,0.12949640287769784,0.1366906474820144,0.1079136690647482,0.14388489208633093,0.007194244604316547,0.0,0.10071942446043165,0.10071942446043165,0.0,0.0,0.04316546762589928,0.02877697841726619,0.014388489208633094,0.03597122302158273,0.050359712230215826,0.014388489208633094,0.0,0.0,0
253,0.0,0.01904761904761905,0.0380952380952381,0.0380952380952381,0.0,0.1619047619047619,0.047619047619047616,0.0761904761904762,0.2857142857142857,0.047619047619047616,0.009523809523809525,0.0,0.009523809523809525,0.01904761904761905,0.047619047619047616,0.08571428571428572,0.02857142857142857,0.06666666666666667,0.009523809523809525,0.009523809523809525,4
254,0.0,0.11171662125340599,0.09264305177111716,0.01634877384196185,0.021798365122615803,0.07356948228882834,0.08719346049046321,0.010899182561307902,0.1771117166212534,0.027247956403269755,0.005449591280653951,0.021798365122615803,0.010899182561307902,0.005449591280653951,0.051771117166212535,0.04904632152588556,0.07356948228882834,0.14168937329700274,0.01907356948228883,0.0027247956403269754,2
255,0.0,0.058823529411764705,0.06862745098039216,0.049019607843137254,0.09803921568627451,0.35294117647058826,0.049019607843137254,0.00980392156862745,0.049019607843137254,0.0196078431372549,0.0,0.00980392156862745,0.0,0.049019607843137254,0.00980392156862745,0.06862745098039216,0.0392156862745098,0.029411764705882353,0.00980392156862745,0.029411764705882353,1
256,0.0,0.13529411764705881,0.12156862745098039,0.03529411764705882,0.041176470588235294,0.13725490196078433,0.043137254901960784,0.00196078431372549,0.10784313725490197,0.03529411764705882,0.0,0.01568627450980392,0.03333333333333333,0.00196078431372549,0.011764705882352941,0.058823529411764705,0.11960784313725491,0.08627450980392157,0.00784313725490196,0.0058823529411764705,3
257,0.0,0.16666666666666666,0.09259259259259259,0.018518518518518517,0.018518518518518517,0.2222222222222222,0.1111111111111111,0.0,0.05555555555555555,0.05555555555555555,0.0,0.0,0.0,0.037037037037037035,0.018518518518518517,0.09259259259259259,0.018518518518518517,0.07407407407407407,0.0,0.018518518518518517,0
258,0.0,0.12345679012345678,0.12345679012345678,0.06172839506172839,0.037037037037037035,0.037037037037037035,0.04938271604938271,0.0,0.16049382716049382,0.07407407407407407,0.0,0.012345679012345678,0.024691358024691357,0.0,0.024691358024691357,0.04938271604938271,0.1111111111111111,0.08641975308641975,0.024691358024691357,0.0,3
259,0.0,0.09523809523809523,0.14285714285714285,0.03571428571428571,0.05952380952380952,0.16666666666666666,0.023809523809523808,0.0,0.14285714285714285,0.07142857142857142,0.0,0.0,0.0,0.011904761904761904,0.011904761904761904,0.10714285714285714,0.07142857142857142,0.047619047619047616,0.0,0.011904761904761904,0
260,0.0,0.04145077720207254,0.046632124352331605,0.04145077720207254,0.018134715025906734,0.15544041450777202,0.09585492227979274,0.03367875647668394,0.22279792746113988,0.046632124352331605,0.0051813471502590676,0.03626943005181347,0.0,0.010362694300518135,0.038860103626943004,0.07512953367875648,0.038860103626943004,0.08808290155440414,0.0051813471502590676,0.0,4
261,0.0,0.11724137931034483,0.020689655172413793,0.006896551724137931,0.006896551724137931,0.12413793103448276,0.1310344827586207,0.0,0.20689655172413793,0.027586206896551724,0.0,0.0,0.020689655172413793,0.006896551724137931,0.06206896551724138,0.027586206896551724,0.08275862068965517,0.11724137931034483,0.034482758620689655,0.006896551724137931,2
262,0.0,0.038461538461538464,0.03076923076923077,0.015384615384615385,0.015384615384615385,0.18461538461538463,0.07692307692307693,0.0,0.26153846153846155,0.038461538461538464,0.007692307692307693,0.015384615384615385,0.0,0.015384615384615385,0.015384615384615385,0.15384615384615385,0.015384615384615385,0.11538461538461539,0.0,0.0,4
263,0.0,0.07992895204262877,0.08703374777975133,0.035523978685612786,0.03907637655417407,0.17406749555950266,0.04262877442273535,0.010657193605683837,0.1847246891651865,0.035523978685612786,0.003552397868561279,0.0053285968028419185,0.0053285968028419185,0.021314387211367674,0.017761989342806393,0.15630550621669628,0.03197158081705151,0.047957371225577264,0.019538188277087035,0.0017761989342806395,1
264,0.0,0.11458333333333333,0.15104166666666666,0.052083333333333336,0.07291666666666667,0.057291666666666664,0.005208333333333333,0.0,0.10416666666666667,0.0625,0.0,0.026041666666666668,0.015625,0.046875,0.03125,0.046875,0.09895833333333333,0.078125,0.036458333333333336,0.0,3
265,0.0,0.10653753026634383,0.0847457627118644,0.0,0.014527845036319613,0.07990314769975787,0.043583535108958835,0.0,0.2566585956416465,0.01937046004842615,0.0,0.029055690072639227,0.002421307506053269,0.007263922518159807,0.014527845036319613,0.06295399515738499,0.15738498789346247,0.08716707021791767,0.024213075060532687,0.009685230024213076,2
266,0.0,0.14137214137214138,0.09147609147609148,0.010395010395010396,0.016632016632016633,0.18711018711018712,0.079002079002079,0.004158004158004158,0.12266112266112267,0.04573804573804574,0.002079002079002079,0.02079002079002079,0.0,0.018711018711018712,0.018711018711018712,0.0395010395010395,0.07068607068607069,0.10810810810810811,0.018711018711018712,0.004158004158004158,0
267,0.0,0.1569767441860465,0.12209302325581395,0.0,0.011627906976744186,0.08139534883720931,0.023255813953488372,0.0,0.14534883720930233,0.03488372093023256,0.0,0.046511627906976744,0.005813953488372093,0.005813953488372093,0.03488372093023256,0.040697674418604654,0.14534883720930233,0.12209302325581395,0.01744186046511628,0.005813953488372093,3
268,0.0,0.12012987012987013,0.06168831168831169,0.0,0.0,0.16883116883116883,0.08441558441558442,0.003246753246753247,0.21753246753246752,0.022727272727272728,0.012987012987012988,0.00974025974025974,0.0,0.006493506493506494,0.032467532467532464,0.06818181818181818,0.048701298701298704,0.11363636363636363,0.025974025974025976,0.003246753246753247,2
269,0.0,0.1375,0.1,0.025,0.0625,0.1125,0.0625,0.0,0.1125,0.0375,0.0,0.0125,0.0,0.025,0.025,0.0625,0.05,0.175,0.0,0.0,0
270,0.0,0.13333333333333333,0.10476190476190476,0.01904761904761905,0.02857142857142857,0.1619047619047619,0.05714285714285714,0.0,0.11428571428571428,0.047619047619047616,0.0,0.0,0.0,0.01904761904761905,0.02857142857142857,0.09523809523809523,0.047619047619047616,0.14285714285714285,0.0,0.0,0
271,0.0,0.10344827586206896,0.08620689655172414,0.008620689655172414,0.008620689655172414,0.06896551724137931,0.0603448275862069,0.0,0.1724137931034483,0.034482758620689655,0.008620689655172414,0.06896551724137931,0.0,0.017241379310344827,0.034482758620689655,0.04310344827586207,0.14655172413793102,0.12931034482758622,0.008620689655172414,0.0,2
272,0.0,0.1875,0.125,0.03125,0.03125,0.0625,0.052083333333333336,0.0,0.08333333333333333,0.03125,0.0,0.010416666666666666,0.07291666666666667,0.0,0.010416666666666666,0.020833333333333332,0.16666666666666666,0.09375,0.010416666666666666,0.010416666666666666,3
273,0.0,0.053691275167785234,0.06711409395973154,0.040268456375838924,0.06711409395973154,0.22818791946308725,0.053691275167785234,0.0,0.1476510067114094,0.040268456375838924,0.0,0.026845637583892617,0.020134228187919462,0.03355704697986577,0.006711409395973154,0.09395973154362416,0.040268456375838924,0.06711409395973154,0.006711409395973154,0.006711409395973154,1
274,0.0,0.12217438105489774,0.0793864370290635,0.026641550053821312,0.042518837459634015,0.1480086114101184,0.060279870828848225,0.0034983853606027986,0.10952637244348762,0.04709364908503767,0.001883745963401507,0.07158234660925726,0.00914962325080732,0.01318622174381055,0.029332615715823466,0.03552206673842842,0.062432723358449946,0.1216361679224973,0.00914962325080732,0.006996770721205597,0
275,0.0,0.041156840934371525,0.042269187986651836,0.014460511679644048,0.01668520578420467,0.22580645161290322,0.08231368186874305,0.01668520578420467,0.25027808676307006,0.027808676307007785,0.010011123470522803,0.004449388209121246,0.0,0.00778642936596218,0.027808676307007785,0.11123470522803114,0.027808676307007785,0.07007786429365963,0.017797552836484983,0.0055617352614015575,4
276,0.0,0.09734513274336283,0.1592920353982301,0.05309734513274336,0.09734513274336283,0.23008849557522124,0.0,0.0,0.061946902654867256,0.061946902654867256,0.0,0.008849557522123894,0.017699115044247787,0.02654867256637168,0.008849557522123894,0.04424778761061947,0.07079646017699115,0.04424778761061947,0.017699115044247787,0.0,1
277,0.0,0.16455696202531644,0.1518987341772152,0.02531645569620253,0.05063291139240506,0.17721518987341772,0.012658227848101266,0.0,0.0379746835443038,0.06329113924050633,0.0,0.0,0.0,0.012658227848101266,0.012658227848101266,0.0379746835443038,0.12658227848101267,0.12658227848101267,0.0,0.0,3
278,0.0,0.023809523809523808,0.023809523809523808,0.023809523809523808,0.023809523809523808,0.2619047619047619,0.07142857142857142,0.0,0.21428571428571427,0.0,0.0,0.023809523809523808,0.0,0.023809523809523808,0.07142857142857142,0.07142857142857142,0.023809523809523808,0.07142857142857142,0.047619047619047616,0.023809523809523808,4
279,0.0,0.1780821917808219,0.09784735812133072,0.007827788649706457,0.005870841487279843,0.07827788649706457,0.09197651663405088,0.0,0.12915851272015655,0.0273972602739726,0.0019569471624266144,0.019569471624266144,0.03718199608610567,0.003913894324853229,0.03913894324853229,0.01761252446183953,0.10176125244618395,0.13111545988258316,0.023483365949119372,0.007827788649706457,3
280,0.0,0.05112474437627812,0.05725971370143149,0.016359918200409,0.044989775051124746,0.23721881390593047,0.049079754601226995,0.002044989775051125,0.18609406952965235,0.05725971370143149,0.0,0.006134969325153374,0.016359918200409,0.022494887525562373,0.02044989775051125,0.16359918200409,0.018404907975460124,0.03885480572597137,0.012269938650306749,0.0,1
281,0.0,0.07407407407407407,0.07407407407407407,0.018518518518518517,0.037037037037037035,0.18518518518518517,0.05555555555555555,0.0,0.18518518518518517,0.037037037037037035,0.0,0.0,0.037037037037037035,0.037037037037037035,0.018518518518518517,0.12962962962962962,0.018518518518518517,0.07407407407407407,0.018518518518518517,0.0,1
282,0.0,0.09500805152979067,0.07729468599033816,0.024154589371980676,0.028985507246376812,0.1723027375201288,0.09822866344605476,0.008051529790660225,0.17552334943639292,0.03864734299516908,0.0,0.00966183574879227,0.011272141706924315,0.01610305958132045,0.030595813204508857,0.05314009661835749,0.04186795491143317,0.09339774557165861,0.020933977455716585,0.004830917874396135,0
283,0.0,0.06451612903225806,0.043010752688172046,0.021505376344086023,0.053763440860215055,0.2903225806451613,0.07526881720430108,0.0,0.12903225806451613,0.053763440860215055,0.0,0.021505376344086023,0.010752688172043012,0.0,0.0,0.10752688172043011,0.043010752688172046,0.06451612903225806,0.021505376344086023,0.0,1
284,0.0,0.16521739130434782,0.1,0.008695652173913044,0.021739130434782608,0.23043478260869565,0.06521739130434782,0.0,0.06956521739130435,0.034782608695652174,0.0,0.0,0.008695652173913044,0.008695652173913044,0.008695652173913044,0.08695652173913043,0.05652173913043478,0.11304347826086956,0.008695652173913044,0.013043478260869565,0
285,0.0,0.027777777777777776,0.0,0.0,0.013888888888888888,0.1527777777777778,0.09722222222222222,0.0,0.3472222222222222,0.0,0.013888888888888888,0.027777777777777776,0.0,0.013888888888888888,0.05555555555555555,0.09722222222222222,0.0,0.125,0.013888888888888888,0.013888888888888888,4
286,0.0,0.10231023102310231,0.07260726072607261,0.019801980198019802,0.0297029702970297,0.132013201320132,0.0858085808580858,0.0,0.17491749174917492,0.033003300330033,0.0033003300330033004,0.033003300330033,0.009900990099009901,0.009900990099009901,0.026402640264026403,0.07590759075907591,0.0462046204620462,0.1254125412541254,0.0165016501650165,0.0033003300330033004,2
287,0.0,0.06753246753246753,0.07532467532467532,0.02077922077922078,0.03896103896103896,0.19220779220779222,0.05714285714285714,0.005194805194805195,0.16883116883116883,0.05974025974025974,0.0025974025974025974,0.02857142857142857,0.005194805194805195,0.02077922077922078,0.03116883116883117,0.08831168831168831,0.046753246753246755,0.07012987012987013,0.015584415584415584,0.005194805194805195,1
288,0.0,0.08888089240734078,0.0975170924793091,0.026988125224901044,0.05613530046779417,0.15437207628643396,0.04318100035984167,0.0014393666786613889,0.1507736595897805,0.044620367038503056,0.0021590500179920835,0.03850305865419216,0.006836991723641598,0.019791291831594098,0.026628283555235697,0.06009355883411299,0.06765023389708529,0.07952500899604174,0.021230658510255487,0.013673983447283196,0
289,0.0,0.06779661016949153,0.01694915254237288,0.01694915254237288,0.01694915254237288,0.1864406779661017,0.05084745762711865,0.05084745762711865,0.1694915254237288,0.05084745762711865,0.0,0.03389830508474576,0.0,0.05084745762711865,0.0,0.1016949152542373,0.03389830508474576,0.05084745762711865,0.06779661016949153,0.03389830508474576,1
290,0.0,0.05324459234608985,0.05823627287853577,0.011647254575707155,0.018302828618968387,0.1064891846921797,0.07820299500831947,0.008319467554076539,0.27287853577371046,0.019966722129783693,0.016638935108153077,0.036605657237936774,0.0033277870216306157,0.018302828618968387,0.04492512479201331,0.07986688851913477,0.03161397670549085,0.09151414309484193,0.03826955074875208,0.011647254575707155,4
291,0.0,0.12396694214876033,0.2231404958677686,0.05785123966942149,0.05785123966942149,0.04132231404958678,0.01652892561983471,0.0,0.06611570247933884,0.1322314049586777,0.0,0.0,0.11570247933884298,0.0,0.024793388429752067,0.01652892561983471,0.0743801652892562,0.04132231404958678,0.008264462809917356,0.0,3
292,0.0,0.16098622189992748,0.126178390137781,0.032632342277012324,0.05003625815808557,0.10949963741841914,0.049311094996374184,0.0014503263234227702,0.10442349528643945,0.043509789702683106,0.0,0.012327773749093546,0.03770848440899202,0.011602610587382161,0.02102973168963017,0.03480783176214648,0.07976794778825236,0.10804931109499638,0.010877447425670777,0.005801305293691081,3
293,0.0,0.11864406779661017,0.05084745762711865,0.03389830508474576,0.05084745762711865,0.15254237288135594,0.0847457627118644,0.0,0.13559322033898305,0.03389830508474576,0.01694915254237288,0.05084745762711865,0.0,0.01694915254237288,0.01694915254237288,0.03389830508474576,0.05084745762711865,0.13559322033898305,0.01694915254237288,0.0,0
294,0.0,0.10648148148148148,0.10740740740740741,0.013888888888888888,0.05185185185185185,0.287962962962963,0.07037037037037037,0.000925925925925926,0.08888888888888889,0.04722222222222222,0.002777777777777778,0.012037037037037037,0.0,0.01574074074074074,0.012962962962962963,0.05740740740740741,0.053703703703703705,0.05185185185185185,0.009259259259259259,0.009259259259259259,1
295,0.0,0.15254237288135594,0.06779661016949153,0.0,0.00847457627118644,0.0423728813559322,0.1694915254237288,0.0,0.19491525423728814,0.00847457627118644,0.00847457627118644,0.01694915254237288,0.00847457627118644,0.0,0.059322033898305086,0.03389830508474576,0.03389830508474576,0.17796610169491525,0.00847457627118644,0.00847457627118644,2
296,0.011764705882352941,0.12941176470588237,0.10588235294117647,0.03529411764705882,0.011764705882352941,0.03529411764705882,0.07058823529411765,0.011764705882352941,0.17647058823529413,0.058823529411764705,0.0,0.0,0.023529411764705882,0.0,0.03529411764705882,0.047058823529411764,0.08235294117647059,0.08235294117647059,0.07058823529411765,0.011764705882352941,2
297,0.0,0.15668202764976957,0.04608294930875576,0.0,0.0,0.03225806451612903,0.12442396313364056,0.0,0.1382488479262673,0.004608294930875576,0.009216589861751152,0.02304147465437788,0.004608294930875576,0.0,0.06451612903225806,0.03686635944700461,0.03686635944700461,0.31336405529953915,0.009216589861751152,0.0,2
298,0.0,0.11942740286298568,0.08752556237218814,0.022903885480572598,0.014723926380368098,0.20777096114519428,0.053987730061349694,0.004498977505112475,0.13660531697341513,0.04621676891615542,0.0016359918200408998,0.01881390593047035,0.024948875255623722,0.005316973415132925,0.021676891615541923,0.06625766871165645,0.07975460122699386,0.07566462167689161,0.0081799591002045,0.00408997955010225,0
299,0.0,0.22033898305084745,0.11864406779661017,0.0,0.01694915254237288,0.03389830508474576,0.03389830508474576,0.0,0.0847457627118644,0.03389830508474576,0.0,0.13559322033898305,0.0,0.0,0.03389830508474576,0.01694915254237288,0.0847457627118644,0.13559322033898305,0.03389830508474576,0.01694915254237288,3
300,0.0,0.07692307692307693,0.01098901098901099,0.0,0.0,0.06593406593406594,0.08791208791208792,0.0,0.2967032967032967,0.01098901098901099,0.01098901098901099,0.03296703296703297,0.03296703296703297,0.0,0.04395604395604396,0.08791208791208792,0.054945054945054944,0.12087912087912088,0.054945054945054944,0.01098901098901099,4
301,0.0,0.09779179810725552,0.0914826498422713,0.01892744479495268,0.03470031545741325,0.12302839116719243,0.06624605678233439,0.0,0.17350157728706625,0.04416403785488959,0.0,0.012618296529968454,0.022082018927444796,0.00946372239747634,0.022082018927444796,0.0946372239747634,0.04416403785488959,0.12302839116719243,0.01892744479495268,0.0031545741324921135,0
302,0.0,0.1411764705882353,0.08235294117647059,0.0,0.0,0.08235294117647059,0.11764705882352941,0.0,0.17647058823529413,0.0,0.0,0.0,0.0,0.0,0.047058823529411764,0.07058823529411765,0.058823529411764705,0.18823529411764706,0.011764705882352941,0.023529411764705882,2
303,0.0,0.1870967741935484,0.14838709677419354,0.0,0.0064516129032258064,0.08387096774193549,0.012903225806451613,0.0,0.09032258064516129,0.0064516129032258064,0.0,0.03225806451612903,0.0064516129032258064,0.0,0.01935483870967742,0.025806451612903226,0.25161290322580643,0.12258064516129032,0.0064516129032258064,0.0,3
304,0.0,0.13893376413570274,0.10339256865912763,0.022617124394184167,0.03877221324717286,0.12277867528271405,0.045234248788368334,0.0,0.13893376413570274,0.03715670436187399,0.0,0.01615508885298869,0.004846526655896607,0.022617124394184167,0.014539579967689823,0.0888529886914378,0.08239095315024232,0.0888529886914378,0.022617124394184167,0.011308562197092083,0
305,0.0,0.14542651593011305,0.08478931140801645,0.013874614594039054,0.017985611510791366,0.08581706063720453,0.07708119218910586,0.0,0.15621788283658788,0.03545734840698869,0.0020554984583761563,0.0328879753340185,0.02877697841726619,0.005652620760534429,0.03391572456320658,0.03648509763617677,0.08581706063720453,0.12795477903391572,0.022610483042137718,0.007194244604316547,2
306,0.0,0.06289308176100629,0.09748427672955975,0.11320754716981132,0.09433962264150944,0.2138364779874214,0.025157232704402517,0.0,0.05345911949685535,0.05660377358490566,0.0,0.06918238993710692,0.0220125786163522,0.018867924528301886,0.009433962264150943,0.08176100628930817,0.02830188679245283,0.04716981132075472,0.0,0.006289308176100629,1
307,0.0,0.06743002544529263,0.0648854961832061,0.019083969465648856,0.03986429177268872,0.2196776929601357,0.05937234944868533,0.0021204410517387615,0.14461407972858353,0.0453774385072095,0.0021204410517387615,0.058524173027989825,0.00720949957591179,0.020356234096692113,0.030534351145038167,0.07675996607294318,0.035623409669211195,0.09457167090754877,0.00720949957591179,0.004664970313825276,1
308,0.0,0.09859154929577464,0.11830985915492957,0.05070422535211268,0.07042253521126761,0.10140845070422536,0.061971830985915494,0.005633802816901409,0.12394366197183099,0.0676056338028169,0.0,0.011267605633802818,0.036619718309859155,0.022535211267605635,0.022535211267605635,0.0647887323943662,0.04788732394366197,0.07887323943661972,0.016901408450704224,0.0,0
309,0.0,0.06274509803921569,0.0784313725490196,0.00392156862745098,0.01568627450980392,0.047058823529411764,0.07058823529411765,0.0,0.29411764705882354,0.03529411764705882,0.03137254901960784,0.01568627450980392,0.00784313725490196,0.00392156862745098,0.054901960784313725,0.07058823529411765,0.027450980392156862,0.09803921568627451,0.06274509803921569,0.0196078431372549,4
310,0.0,0.11585365853658537,0.07926829268292683,0.036585365853658534,0.036585365853658534,0.23170731707317074,0.06707317073170732,0.006097560975609756,0.14634146341463414,0.012195121951219513,0.0,0.006097560975609756,0.0,0.012195121951219513,0.018292682926829267,0.09146341463414634,0.024390243902439025,0.054878048780487805,0.042682926829268296,0.018292682926829267,1
311,0.0,0.13333333333333333,0.05333333333333334,0.013333333333333334,0.013333333333333334,0.17333333333333334,0.013333333333333334,0.0,0.18666666666666668,0.04,0.0,0.02666666666666667,0.013333333333333334,0.013333333333333334,0.013333333333333334,0.12,0.05333333333333334,0.05333333333333334,0.05333333333333334,0.02666666666666667,0
312,0.0,0.11076923076923077,0.08,0.0,0.003076923076923077,0.07384615384615385,0.046153846153846156,0.0015384615384615385,0.14153846153846153,0.024615384615384615,0.007692307692307693,0.1123076923076923,0.0015384615384615385,0.007692307692307693,0.04923076923076923,0.03538461538461538,0.13384615384615384,0.13230769230769232,0.033846153846153845,0.004615384615384616,2
313,0.0,0.14763779527559054,0.1062992125984252,0.015748031496062992,0.0265748031496063,0.09940944881889764,0.05610236220472441,0.0,0.08759842519685039,0.06299212598425197,0.003937007874015748,0.06496062992125984,0.000984251968503937,0.008858267716535433,0.02952755905511811,0.0344488188976378,0.12007874015748031,0.1171259842519685,0.010826771653543307,0.006889763779527559,3
314,0.0,0.13850415512465375,0.10526315789473684,0.0221606648199446,0.036011080332409975,0.1329639889196676,0.04986149584487535,0.0,0.12465373961218837,0.038781163434903045,0.0,0.01662049861495845,0.008310249307479225,0.01662049861495845,0.0221606648199446,0.07756232686980609,0.07202216066481995,0.10526315789473684,0.019390581717451522,0.013850415512465374,0
315,0.0,0.0641025641025641,0.08974358974358974,0.01282051282051282,0.038461538461538464,0.10256410256410256,0.01282051282051282,0.0,0.23076923076923078,0.038461538461538464,0.0,0.038461538461538464,0.0,0.0641025641025641,0.0,0.10256410256410256,0.0641025641025641,0.038461538461538464,0.038461538461538464,0.0641025641025641,4
316,0.0,0.09929078014184398,0.06382978723404255,0.02127659574468085,0.0425531914893617,0.1773049645390071,0.06382978723404255,0.0070921985815602835,0.09929078014184398,0.06382978723404255,0.0070921985815602835,0.06382978723404255,0.0,0.03546099290780142,0.03546099290780142,0.04964539007092199,0.04964539007092199,0.12056737588652482,0.0,0.0,0
317,0.0,0.10392156862745099,0.041176470588235294,0.00392156862745098,0.00392156862745098,0.06862745098039216,0.1411764705882353,0.011764705882352941,0.2372549019607843,0.00784313725490196,0.00980392156862745,0.021568627450980392,0.025490196078431372,0.00196078431372549,0.047058823529411764,0.043137254901960784,0.03725490196078431,0.1588235294117647,0.03137254901960784,0.00392156862745098,2
318,0.0008741258741258741,0.09615384615384616,0.07867132867132867,0.03977272727272727,0.02972027972027972,0.11931818181818182,0.05944055944055944,0.038461538461538464,0.17744755244755245,0.048513986013986016,0.006555944055944056,0.013548951048951048,0.026223776223776224,0.012237762237762238,0.03146853146853147,0.04589160839160839,0.06818181818181818,0.08391608391608392,0.019230769230769232,0.004370629370629371,0
319,0.0,0.09375,0.109375,0.078125,0.0625,0.078125,0.0546875,0.0,0.15625,0.046875,0.0,0.0,0.0625,0.0390625,0.015625,0.078125,0.0703125,0.03125,0.0234375,0.0,0
320,0.0,0.25,0.125,0.078125,0.046875,0.09375,0.03125,0.015625,0.0625,0.03125,0.0,0.015625,0.046875,0.0,0.015625,0.015625,0.125,0.046875,0.0,0.0,3
321,0.0,0.10625,0.09375,0.01875,0.05,0.175,0.05,0.0,0.10625,0.04375,0.0,0.0125,0.01875,0.01875,0.01875,0.1,0.05625,0.11875,0.0125,0.0,0
322,0.0,0.0749063670411985,0.07116104868913857,0.0149812734082397,0.026217228464419477,0.16853932584269662,0.07116104868913857,0.003745318352059925,0.1947565543071161,0.052434456928838954,0.00749063670411985,0.0149812734082397,0.011235955056179775,0.00749063670411985,0.033707865168539325,0.08239700374531835,0.04119850187265917,0.10486891385767791,0.018726591760299626,0.0,0
323,0.0,0.10780669144981413,0.08550185873605948,0.022304832713754646,0.040892193308550186,0.09665427509293681,0.05947955390334572,0.0,0.18587360594795538,0.02973977695167286,0.0,0.01858736059479554,0.03345724907063197,0.01486988847583643,0.022304832713754646,0.06691449814126393,0.08550185873605948,0.09293680297397769,0.02973977695167286,0.007434944237918215,2
324,0.0,0.06,0.08,0.0,0.0,0.22,0.1,0.0,0.24,0.04,0.0,0.0,0.0,0.02,0.0,0.08,0.04,0.1,0.0,0.02,4
325,0.0,0.07402031930333818,0.07256894049346879,0.008708272859216255,0.01741654571843251,0.15529753265602322,0.07982583454281568,0.001451378809869376,0.1799709724238026,0.040638606676342524,0.013062409288824383,0.03773584905660377,0.0,0.015965166908563134,0.0420899854862119,0.05660377358490566,0.05660377358490566,0.13062409288824384,0.011611030478955007,0.005805515239477504,0
326,0.0,0.09138381201044386,0.06527415143603134,0.0,0.0,0.04699738903394256,0.10443864229765012,0.010443864229765013,0.3185378590078329,0.018276762402088774,0.005221932114882507,0.010443864229765013,0.013054830287206266,0.0026109660574412533,0.044386422976501305,0.04699738903394256,0.018276762402088774,0.13838120104438642,0.06266318537859007,0.0026109660574412533,2
327,0.0,0.0625,0.0625,0.03571428571428571,0.044642857142857144,0.25,0.125,0.0,0.13392857142857142,0.026785714285714284,0.0,0.044642857142857144,0.017857142857142856,0.008928571428571428,0.03571428571428571,0.07142857142857142,0.017857142857142856,0.044642857142857144,0.008928571428571428,0.008928571428571428,1
328,0.0,0.09950248756218906,0.11442786069651742,0.06343283582089553,0.07462686567164178,0.12189054726368159,0.05845771144278607,0.0012437810945273632,0.10820895522388059,0.06592039800995025,0.0012437810945273632,0.014925373134328358,0.03109452736318408,0.03482587064676617,0.022388059701492536,0.043532338308457715,0.05845771144278607,0.06218905472636816,0.014925373134328358,0.008706467661691543,0
329,0.0,0.03333333333333333,0.05,0.0,0.0,0.15,0.2,0.0,0.2,0.03333333333333333,0.03333333333333333,0.06666666666666667,0.0,0.016666666666666666,0.05,0.0,0.016666666666666666,0.11666666666666667,0.016666666666666666,0.016666666666666666,2
330,0.0,0.10919540229885058,0.08477011494252873,0.020114942528735632,0.034482758620689655,0.13793103448275862,0.06321839080459771,0.0,0.15086206896551724,0.05316091954022988,0.0,0.027298850574712645,0.011494252873563218,0.020114942528735632,0.028735632183908046,0.05747126436781609,0.08477011494252873,0.09195402298850575,0.01867816091954023,0.005747126436781609,0
331,0.0,0.12452830188679245,0.10943396226415095,0.033962264150943396,0.03018867924528302,0.10754716981132076,0.07735849056603773,0.0018867924528301887,0.13584905660377358,0.04905660377358491,0.0018867924528301887,0.022641509433962263,0.03018867924528302,0.011320754716981131,0.022641509433962263,0.04716981132075472,0.0660377358490566,0.10566037735849057,0.016981132075471698,0.005660377358490566,0
332,0.0,0.14340588988476313,0.09603072983354674,0.014084507042253521,0.015364916773367477,0.08706786171574904,0.06914212548015365,0.0012804097311139564,0.16389244558258642,0.04737516005121639,0.005121638924455826,0.019206145966709345,0.02560819462227913,0.008962868117797696,0.024327784891165175,0.04865556978233035,0.08962868117797695,0.10115236875800256,0.03201024327784891,0.0076824583866837385,2
333,0.0,0.09259259259259259,0.1111111111111111,0.018518518518518517,0.037037037037037035,0.2222222222222222,0.037037037037037035,0.0,0.18518518518518517,0.018518518518518517,0.0,0.037037037037037035,0.0,0.0,0.0,0.07407407407407407,0.037037037037037035,0.07407407407407407,0.037037037037037035,0.018518518518518517,1
334,0.0,0.1014799154334038,0.12473572938689217,0.052854122621564484,0.046511627906976744,0.13742071881606766,0.03382663847780127,0.0021141649048625794,0.11839323467230443,0.06342494714587738,0.0,0.021141649048625793,0.019027484143763214,0.019027484143763214,0.03171247357293869,0.08456659619450317,0.0613107822410148,0.06976744186046512,0.010570824524312896,0.0021141649048625794,0
335,0.0,0.14084507042253522,0.04225352112676056,0.0,0.0,0.2112676056338028,0.09859154929577464,0.0,0.1267605633802817,0.0,0.0,0.028169014084507043,0.0,0.0,0.014084507042253521,0.08450704225352113,0.07042253521126761,0.11267605633802817,0.04225352112676056,0.028169014084507043,0
336,0.0,0.11377245508982035,0.04790419161676647,0.023952095808383235,0.017964071856287425,0.11976047904191617,0.10778443113772455,0.0,0.17964071856287425,0.029940119760479042,0.005988023952095809,0.023952095808383235,0.005988023952095809,0.011976047904191617,0.041916167664670656,0.08982035928143713,0.017964071856287425,0.11377245508982035,0.041916167664670656,0.005988023952095809,2
337,0.0,0.12432432432432433,0.07567567567567568,0.005405405405405406,0.02702702702702703,0.11891891891891893,0.07027027027027027,0.0,0.1891891891891892,0.02702702702702703,0.0,0.010810810810810811,0.0,0.010810810810810811,0.032432432432432434,0.07567567567567568,0.05405405405405406,0.15135135135135136,0.016216216216216217,0.010810810810810811,2
338,0.0,0.11764705882352941,0.08823529411764706,0.0392156862745098,0.029411764705882353,0.06862745098039216,0.10784313725490197,0.0196078431372549,0.17647058823529413,0.029411764705882353,0.0,0.029411764705882353,0.00980392156862745,0.0,0.049019607843137254,0.0196078431372549,0.0784313725490196,0.10784313725490197,0.029411764705882353,0.0,2
339,0.0,0.09587727708533078,0.08437200383509108,0.016299137104506232,0.01821668264621285,0.08533077660594439,0.06327900287631831,0.014381591562799617,0.20901246404602108,0.032598274209012464,0.004793863854266539,0.026845637583892617,0.03547459252157239,0.0028763183125599234,0.040268456375838924,0.045062320230105465,0.06615532118887824,0.11217641418983701,0.04122722914669223,0.005752636625119847,2
340,0.0,0.18181818181818182,0.125,0.011363636363636364,0.011363636363636364,0.045454545454545456,0.09090909090909091,0.0,0.13636363636363635,0.011363636363636364,0.0,0.011363636363636364,0.022727272727272728,0.011363636363636364,0.011363636363636364,0.022727272727272728,0.09090909090909091,0.17045454545454544,0.03409090909090909,0.011363636363636364,3
341,0.0,0.1103448275862069,0.11724137931034483,0.034482758620689655,0.05517241379310345,0.2620689655172414,0.04827586206896552,0.0,0.07586206896551724,0.05517241379310345,0.0,0.006896551724137931,0.006896551724137931,0.006896551724137931,0.006896551724137931,0.05517241379310345,0.06896551724137931,0.06896551724137931,0.013793103448275862,0.006896551724137931,1
342,0.0,0.07096774193548387,0.07741935483870968,0.01935483870967742,0.05161290322580645,0.21935483870967742,0.05161290322580645,0.0,0.16129032258064516,0.03225806451612903,0.0,0.05161290322580645,0.0,0.0,0.025806451612903226,0.05806451612903226,0.05806451612903226,0.11612903225806452,0.0,0.0064516129032258064,0
343,0.0,0.09090909090909091,0.09090909090909091,0.048484848484848485,0.01818181818181818,0.07878787878787878,0.12727272727272726,0.01818181818181818,0.18181818181818182,0.048484848484848485,0.006060606060606061,0.024242424242424242,0.0,0.0,0.04242424242424243,0.04242424242424243,0.05454545454545454,0.10909090909090909,0.012121212121212121,0.006060606060606061,2
344,0.0,0.13901345291479822,0.12556053811659193,0.03587443946188341,0.03139013452914798,0.08071748878923767,0.03139013452914798,0.0,0.11659192825112108,0.03587443946188341,0.004484304932735426,0.02242152466367713,0.03139013452914798,0.008968609865470852,0.04484304932735426,0.06278026905829596,0.11659192825112108,0.08520179372197309,0.017937219730941704,0.008968609865470852,3
345,0.0,0.04895104895104895,0.055944055944055944,0.0,0.006993006993006993,0.18181818181818182,0.013986013986013986,0.0,0.23776223776223776,0.02097902097902098,0.0,0.08391608391608392,0.0,0.013986013986013986,0.03496503496503497,0.16083916083916083,0.06293706293706294,0.06293706293706294,0.013986013986013986,0.0,4
346,0.0,0.03763440860215054,0.016129032258064516,0.002688172043010753,0.0,0.0967741935483871,0.10483870967741936,0.005376344086021506,0.31989247311827956,0.026881720430107527,0.016129032258064516,0.06451612903225806,0.0,0.002688172043010753,0.07526881720430108,0.07526881720430108,0.010752688172043012,0.12903225806451613,0.013440860215053764,0.002688172043010753,4
347,0.0,0.1223021582733813,0.1223021582733813,0.02877697841726619,0.04316546762589928,0.12949640287769784,0.02877697841726619,0.0,0.1079136690647482,0.03597122302158273,0.0,0.007194244604316547,0.02158273381294964,0.02158273381294964,0.02877697841726619,0.08633093525179857,0.06474820143884892,0.11510791366906475,0.02158273381294964,0.014388489208633094,0
348,0.0,0.10526315789473684,0.07236842105263158,0.0,0.0,0.08552631578947369,0.13815789473684212,0.006578947368421052,0.2236842105263158,0.03289473684210526,0.0,0.019736842105263157,0.013157894736842105,0.006578947368421052,0.05921052631578947,0.05263157894736842,0.02631578947368421,0.10526315789473684,0.046052631578947366,0.006578947368421052,2
349,0.0,0.09090909090909091,0.06363636363636363,0.02727272727272727,0.045454545454545456,0.11818181818181818,0.07272727272727272,0.0,0.18181818181818182,0.03636363636363636,0.0,0.01818181818181818,0.01818181818181818,0.02727272727272727,0.0,0.1,0.01818181818181818,0.12727272727272726,0.03636363636363636,0.01818181818181818,0
350,0.0,0.13392857142857142,0.13392857142857142,0.026785714285714284,0.03571428571428571,0.16071428571428573,0.03571428571428571,0.0,0.07142857142857142,0.05357142857142857,0.0,0.017857142857142856,0.0,0.017857142857142856,0.017857142857142856,0.07142857142857142,0.08035714285714286,0.14285714285714285,0.0,0.0,0
351,0.0,0.06824146981627296,0.03412073490813648,0.010498687664041995,0.015748031496062992,0.07874015748031496,0.09186351706036745,0.0,0.24146981627296588,0.028871391076115485,0.0026246719160104987,0.05774278215223097,0.023622047244094488,0.007874015748031496,0.049868766404199474,0.07611548556430446,0.04199475065616798,0.15223097112860892,0.01837270341207349,0.0,2
352,0.0,0.13019079685746351,0.09876543209876543,0.013468013468013467,0.013468013468013467,0.07295173961840629,0.058361391694725026,0.0,0.1414141414141414,0.050505050505050504,0.002244668911335578,0.04264870931537598,0.04264870931537598,0.003367003367003367,0.04264870931537598,0.03928170594837262,0.09988776655443322,0.13019079685746351,0.013468013468013467,0.004489337822671156,3
353,0.0,0.13934426229508196,0.07377049180327869,0.01639344262295082,0.03278688524590164,0.15163934426229508,0.09016393442622951,0.004098360655737705,0.11885245901639344,0.02459016393442623,0.0,0.028688524590163935,0.00819672131147541,0.012295081967213115,0.020491803278688523,0.06557377049180328,0.045081967213114756,0.13114754098360656,0.01639344262295082,0.020491803278688523,0
354,0.0,0.1452599388379205,0.09021406727828746,0.013761467889908258,0.01834862385321101,0.11009174311926606,0.0672782874617737,0.0045871559633027525,0.13302752293577982,0.021406727828746176,0.0015290519877675841,0.03058103975535168,0.01529051987767584,0.00764525993883792,0.03363914373088685,0.06422018348623854,0.0871559633027523,0.13302752293577982,0.01834862385321101,0.0045871559633027525,0
355,0.0,0.11688311688311688,0.12987012987012986,0.025974025974025976,0.05194805194805195,0.18181818181818182,0.03896103896103896,0.0,0.07792207792207792,0.06493506493506493,0.0,0.0,0.0,0.025974025974025976,0.012987012987012988,0.09090909090909091,0.11688311688311688,0.03896103896103896,0.012987012987012988,0.012987012987012988,0
356,0.0,0.08632138114209828,0.0703851261620186,0.013280212483399735,0.013280212483399735,0.23771580345285526,0.05976095617529881,0.0,0.1952191235059761,0.03718459495351926,0.0026560424966799467,0.005312084993359893,0.009296148738379814,0.01593625498007968,0.017264276228419653,0.09561752988047809,0.05046480743691899,0.06772908366533864,0.01859229747675963,0.00398406374501992,1
357,0.0,0.05133267522211254,0.06712734452122408,0.0315893385982231,0.04837117472852912,0.16584402764067127,0.05330700888450148,0.02171767028627838,0.17670286278381048,0.054294175715695954,0.0019743336623889436,0.024679170779861797,0.01678183613030602,0.040473840078973346,0.02665350444225074,0.10266535044422508,0.03751233958538993,0.05725567620927937,0.013820335636722606,0.007897334649555774,1
358,0.0,0.026785714285714284,0.05357142857142857,0.008928571428571428,0.008928571428571428,0.14285714285714285,0.008928571428571428,0.017857142857142856,0.23214285714285715,0.044642857142857144,0.0,0.017857142857142856,0.008928571428571428,0.017857142857142856,0.03571428571428571,0.25892857142857145,0.044642857142857144,0.05357142857142857,0.017857142857142856,0.0,4
359,0.0,0.0995260663507109,0.10900473933649289,0.018957345971563982,0.04265402843601896,0.11848341232227488,0.03317535545023697,0.0,0.18009478672985782,0.037914691943127965,0.0,0.018957345971563982,0.004739336492890996,0.014218009478672985,0.018957345971563982,0.09004739336492891,0.08530805687203792,0.10426540284360189,0.009478672985781991,0.014218009478672985,0
360,0.0,0.1111111111111111,0.0,0.0,0.013888888888888888,0.08333333333333333,0.08333333333333333,0.0,0.18055555555555555,0.013888888888888888,0.013888888888888888,0.027777777777777776,0.0,0.0,0.09722222222222222,0.06944444444444445,0.05555555555555555,0.2361111111111111,0.013888888888888888,0.0,2
361,0.0,0.16967509025270758,0.10108303249097472,0.021660649819494584,0.021660649819494584,0.1588447653429603,0.061371841155234655,0.0,0.11913357400722022,0.02527075812274368,0.0036101083032490976,0.02527075812274368,0.018050541516245487,0.021660649819494584,0.01444043321299639,0.05776173285198556,0.05054151624548736,0.10469314079422383,0.02527075812274368,0.0,0
362,0.0,0.12195121951219512,0.06707317073170732,0.01524390243902439,0.012195121951219513,0.04573170731707317,0.13719512195121952,0.0,0.1676829268292683,0.03353658536585366,0.009146341463414634,0.042682926829268296,0.027439024390243903,0.009146341463414634,0.054878048780487805,0.021341463414634148,0.057926829268292686,0.14634146341463414,0.018292682926829267,0.012195121951219513,2
363,0.0,0.15789473684210525,0.14473684210526316,0.013157894736842105,0.013157894736842105,0.13157894736842105,0.06578947368421052,0.0,0.13157894736842105,0.039473684210526314,0.0,0.02631578947368421,0.0,0.0,0.013157894736842105,0.07894736842105263,0.07894736842105263,0.10526315789473684,0.0,0.0,3
364,0.0,0.18461538461538463,0.15384615384615385,0.03076923076923077,0.046153846153846156,0.046153846153846156,0.046153846153846156,0.0,0.07692307692307693,0.03076923076923077,0.0,0.0,0.0,0.03076923076923077,0.046153846153846156,0.03076923076923077,0.07692307692307693,0.2,0.0,0.0,3
365,0.0,0.12687585266030013,0.09549795361527967,0.019099590723055934,0.0286493860845839,0.2019099590723056,0.06412005457025921,0.002728512960436562,0.1145975443383356,0.04638472032742155,0.0,0.023192360163710776,0.03547066848567531,0.0068212824010914054,0.02455661664392906,0.061391541609822645,0.06275579809004093,0.06957708049113233,0.013642564802182811,0.002728512960436562,0
366,0.0,0.21782178217821782,0.09900990099009901,0.019801980198019802,0.009900990099009901,0.04950495049504951,0.09900990099009901,0.0,0.12871287128712872,0.039603960396039604,0.009900990099009901,0.0,0.06930693069306931,0.0,0.0297029702970297,0.009900990099009901,0.06930693069306931,0.10891089108910891,0.039603960396039604,0.0,3
367,0.0,0.052873563218390804,0.06666666666666667,0.03218390804597701,0.06206896551724138,0.24367816091954023,0.02528735632183908,0.0,0.1839080459770115,0.04827586206896552,0.0022988505747126436,0.020689655172413793,0.0022988505747126436,0.02528735632183908,0.016091954022988506,0.1310344827586207,0.034482758620689655,0.034482758620689655,0.006896551724137931,0.011494252873563218,1
368,0.0,0.19493476592478895,0.08058326937835764,0.0,0.0030698388334612432,0.06216423637759018,0.0844205679201842,0.0,0.14428242517267845,0.017651573292402148,0.004604758250191865,0.031465848042977744,0.0,0.0061396776669224865,0.03607060629316961,0.039907904834996163,0.06523407521105141,0.17651573292402148,0.042977743668457406,0.009976976208749041,2
369,0.0,0.12264150943396226,0.08490566037735849,0.012578616352201259,0.015723270440251572,0.20440251572327045,0.07547169811320754,0.012578616352201259,0.1069182389937107,0.02830188679245283,0.0,0.006289308176100629,0.012578616352201259,0.03773584905660377,0.03459119496855346,0.040880503144654086,0.08490566037735849,0.09748427672955975,0.018867924528301886,0.0031446540880503146,0
370,0.0,0.14705882352941177,0.09926470588235294,0.01838235294117647,0.014705882352941176,0.13602941176470587,0.09558823529411764,0.003676470588235294,0.11764705882352941,0.051470588235294115,0.007352941176470588,0.01838235294117647,0.022058823529411766,0.0,0.03308823529411765,0.0661764705882353,0.0661764705882353,0.09926470588235294,0.003676470588235294,0.0,0
371,0.0,0.10869565217391304,0.13768115942028986,0.08695652173913043,0.036231884057971016,0.043478260869565216,0.036231884057971016,0.0,0.10869565217391304,0.10144927536231885,0.007246376811594203,0.028985507246376812,0.028985507246376812,0.014492753623188406,0.036231884057971016,0.043478260869565216,0.10144927536231885,0.07971014492753623,0.0,0.0,3
372,0.0,0.09967320261437909,0.0718954248366013,0.0196078431372549,0.03431372549019608,0.11274509803921569,0.07352941176470588,0.0016339869281045752,0.19117647058823528,0.029411764705882353,0.006535947712418301,0.026143790849673203,0.004901960784313725,0.0196078431372549,0.03104575163398693,0.07352941176470588,0.04738562091503268,0.11437908496732026,0.03104575163398693,0.011437908496732025,2
373,0.0,0.1044776119402985,0.07835820895522388,0.022388059701492536,0.06343283582089553,0.11940298507462686,0.06716417910447761,0.0,0.16044776119402984,0.048507462686567165,0.0,0.018656716417910446,0.007462686567164179,0.014925373134328358,0.029850746268656716,0.07462686567164178,0.048507462686567165,0.11194029850746269,0.018656716417910446,0.011194029850746268,0
374,0.0,0.14150943396226415,0.14150943396226415,0.018867924528301886,0.018867924528301886,0.07547169811320754,0.07547169811320754,0.0,0.09433962264150944,0.03773584905660377,0.0,0.0660377358490566,0.018867924528301886,0.018867924528301886,0.009433962264150943,0.03773584905660377,0.05660377358490566,0.1509433962264151,0.02830188679245283,0.009433962264150943,3
375,0.0,0.12903225806451613,0.08602150537634409,0.03225806451612903,0.043010752688172046,0.10752688172043011,0.06451612903225806,0.0,0.17204301075268819,0.021505376344086023,0.0,0.010752688172043012,0.010752688172043012,0.021505376344086023,0.043010752688172046,0.0967741935483871,0.06451612903225806,0.08602150537634409,0.010752688172043012,0.0,0
376,0.0,0.17149758454106281,0.11835748792270531,0.024154589371980676,0.03140096618357488,0.09903381642512077,0.057971014492753624,0.0,0.09903381642512077,0.033816425120772944,0.004830917874396135,0.016908212560386472,0.016908212560386472,0.0024154589371980675,0.028985507246376812,0.05314009661835749,0.09903381642512077,0.11594202898550725,0.021739130434782608,0.004830917874396135,3
377,0.0,0.08814589665653495,0.0851063829787234,0.0121580547112462,0.0364741641337386,0.14893617021276595,0.02127659574468085,0.00911854103343465,0.14285714285714285,0.06382978723404255,0.00303951367781155,0.0547112462006079,0.0121580547112462,0.030395136778115502,0.0243161094224924,0.0425531914893617,0.1276595744680851,0.0547112462006079,0.030395136778115502,0.0121580547112462,0
378,0.0,0.11464968152866242,0.08917197452229299,0.03821656050955414,0.03821656050955414,0.05732484076433121,0.11464968152866242,0.0,0.1910828025477707,0.050955414012738856,0.0,0.012738853503184714,0.05732484076433121,0.006369426751592357,0.03184713375796178,0.006369426751592357,0.044585987261146494,0.11464968152866242,0.025477707006369428,0.006369426751592357,2
379,0.0,0.14150943396226415,0.08490566037735849,0.009433962264150943,0.018867924528301886,0.12264150943396226,0.08490566037735849,0.0,0.16037735849056603,0.018867924528301886,0.0,0.009433962264150943,0.018867924528301886,0.009433962264150943,0.009433962264150943,0.0660377358490566,0.04716981132075472,0.1509433962264151,0.03773584905660377,0.009433962264150943,2
380,0.00026588673225206064,0.16086147301249668,0.1039617123105557,0.040148896570061154,0.04333953735708588,0.09837809093326243,0.05477266684392449,0.0010635469290082426,0.08162722680138261,0.05822919436320128,0.0007976601967561818,0.052645572985908,0.018877957989896305,0.01302844988035097,0.027120446689710184,0.023398032438181334,0.08481786758840734,0.12204201010369582,0.008774262164318,0.0058495081095453335,3
381,0.0,0.09937456567060458,0.12578179291174427,0.048644892286309936,0.06393328700486449,0.14246004169562196,0.029881862404447533,0.005559416261292564,0.11049339819318972,0.07922168172341904,0.0,0.017373175816539264,0.019457956914523976,0.022932592077831826,0.020847810979847115,0.06254343293954134,0.0660180681028492,0.07505211952744961,0.006949270326615705,0.0034746351633078527,0
382,0.0,0.14869466515323496,0.1362088535754824,0.036322360953461974,0.0510783200908059,0.1271282633371169,0.04199772985244041,0.0,0.0771850170261067,0.06242905788876277,0.0,0.019296254256526674,0.03518728717366629,0.011350737797956867,0.014755959137343927,0.06242905788876277,0.0681044267877412,0.09080590238365494,0.01362088535754824,0.00340522133938706,3
383,0.0,0.04054054054054054,0.02702702702702703,0.0,0.0,0.17567567567567569,0.04054054054054054,0.0,0.35135135135135137,0.0,0.0,0.02702702702702703,0.013513513513513514,0.0,0.05405405405405406,0.12162162162162163,0.02702702702702703,0.08108108108108109,0.04054054054054054,0.0,4
384,0.0,0.07784431137724551,0.0658682634730539,0.011976047904191617,0.023952095808383235,0.17964071856287425,0.07784431137724551,0.0,0.19161676646706588,0.017964071856287425,0.0,0.029940119760479042,0.0,0.0,0.023952095808383235,0.0718562874251497,0.05389221556886228,0.12574850299401197,0.029940119760479042,0.017964071856287425,0
385,0.0,0.1037037037037037,0.09074074074074075,0.027777777777777776,0.05185185185185185,0.12407407407407407,0.05925925925925926,0.003703703703703704,0.16666666666666666,0.04814814814814815,0.003703703703703704,0.012962962962962963,0.005555555555555556,0.03518518518518519,0.014814814814814815,0.07222222222222222,0.05925925925925926,0.07592592592592592,0.024074074074074074,0.020370370370370372,0
386,0.0,0.1890547263681592,0.0945273631840796,0.004975124378109453,0.014925373134328358,0.0945273631840796,0.10945273631840796,0.0,0.1044776119402985,0.01990049751243781,0.0,0.024875621890547265,0.0,0.004975124378109453,0.03482587064676617,0.024875621890547265,0.07462686567164178,0.17412935323383086,0.009950248756218905,0.01990049751243781,3
387,0.0,0.07964939024390244,0.0701219512195122,0.018292682926829267,0.022103658536585365,0.13910060975609756,0.07507621951219512,0.003429878048780488,0.17416158536585366,0.041158536585365856,0.009527439024390244,0.057545731707317076,0.0026676829268292685,0.01638719512195122,0.04496951219512195,0.056402439024390245,0.04954268292682927,0.11623475609756098,0.01486280487804878,0.008765243902439025,0
388,0.0,0.028037383177570093,0.14953271028037382,0.14953271028037382,0.18691588785046728,0.21495327102803738,0.018691588785046728,0.0,0.009345794392523364,0.06542056074766354,0.0,0.0,0.037383177570093455,0.04672897196261682,0.009345794392523364,0.056074766355140186,0.009345794392523364,0.018691588785046728,0.0,0.0,1
389,0.0,0.16666666666666666,0.13095238095238096,0.011904761904761904,0.011904761904761904,0.14285714285714285,0.05952380952380952,0.0,0.09523809523809523,0.03571428571428571,0.0,0.0,0.0,0.0,0.03571428571428571,0.07142857142857142,0.05952380952380952,0.17857142857142858,0.0,0.0,3
390,0.0,0.07425742574257425,0.039603960396039604,0.034653465346534656,0.01485148514851485,0.09900990099009901,0.054455445544554455,0.009900990099009901,0.297029702970297,0.04950495049504951,0.0,0.009900990099009901,0.0049504950495049506,0.01485148514851485,0.034653465346534656,0.10396039603960396,0.0594059405940594,0.07425742574257425,0.019801980198019802,0.0049504950495049506,4
391,0.0,0.09201213346814964,0.07077856420626896,0.01314459049544995,0.016177957532861477,0.12335692618806876,0.07077856420626896,0.003033367037411527,0.20728008088978767,0.025278058645096056,0.008088978766430738,0.020222446916076844,0.003033367037411527,0.019211324570273004,0.044489383215369056,0.08291203235591507,0.056622851365015166,0.11324570273003033,0.022244691607684528,0.008088978766430738,2
392,0.0,0.10344827586206896,0.10344827586206896,0.0,0.0,0.1724137931034483,0.08620689655172414,0.0,0.20689655172413793,0.05172413793103448,0.0,0.017241379310344827,0.0,0.0,0.0,0.1206896551724138,0.05172413793103448,0.08620689655172414,0.0,0.0,0
393,0.0,0.17274939172749393,0.11678832116788321,0.004866180048661801,0.0024330900243309003,0.051094890510948905,0.07785888077858881,0.0024330900243309003,0.10462287104622871,0.038929440389294405,0.0072992700729927005,0.0170316301703163,0.04866180048661801,0.0024330900243309003,0.0535279805352798,0.0170316301703163,0.1192214111922141,0.15328467153284672,0.009732360097323601,0.0,3
394,0.0,0.1388888888888889,0.1111111111111111,0.027777777777777776,0.05555555555555555,0.1111111111111111,0.06944444444444445,0.0,0.1111111111111111,0.041666666666666664,0.0,0.0,0.027777777777777776,0.027777777777777776,0.013888888888888888,0.05555555555555555,0.041666666666666664,0.1111111111111111,0.027777777777777776,0.027777777777777776,0
395,0.0,0.12371134020618557,0.12886597938144329,0.05154639175257732,0.12371134020618557,0.1134020618556701,0.03608247422680412,0.0,0.08247422680412371,0.06701030927835051,0.0,0.0,0.010309278350515464,0.04639175257731959,0.010309278350515464,0.061855670103092786,0.05154639175257732,0.061855670103092786,0.020618556701030927,0.010309278350515464,0
396,0.0,0.06666666666666667,0.06666666666666667,0.08888888888888889,0.08888888888888889,0.13333333333333333,0.07777777777777778,0.0,0.12222222222222222,0.05555555555555555,0.0,0.011111111111111112,0.0,0.022222222222222223,0.06666666666666667,0.06666666666666667,0.022222222222222223,0.1111111111111111,0.0,0.0,0
397,0.0,0.037037037037037035,0.018518518518518517,0.0,0.018518518518518517,0.2222222222222222,0.12962962962962962,0.0,0.2222222222222222,0.0,0.018518518518518517,0.0,0.0,0.0,0.1111111111111111,0.1111111111111111,0.018518518518518517,0.07407407407407407,0.018518518518518517,0.0,4
398,0.0,0.05303030303030303,0.09848484848484848,0.06060606060606061,0.03787878787878788,0.12878787878787878,0.03787878787878788,0.022727272727272728,0.1590909090909091,0.09848484848484848,0.0,0.015151515151515152,0.007575757575757576,0.022727272727272728,0.045454545454545456,0.09090909090909091,0.06060606060606061,0.05303030303030303,0.0,0.007575757575757576,0
399,0.0,0.1721311475409836,0.16393442622950818,0.04918032786885246,0.04918032786885246,0.08196721311475409,0.05737704918032787,0.0,0.10655737704918032,0.05737704918032787,0.0,0.01639344262295082,0.00819672131147541,0.0,0.01639344262295082,0.03278688524590164,0.09016393442622951,0.06557377049180328,0.03278688524590164,0.0,3
400,0.0,0.14393939393939395,0.10606060606060606,0.007575757575757576,0.007575757575757576,0.05303030303030303,0.13636363636363635,0.0,0.16666666666666666,0.03787878787878788,0.0,0.015151515151515152,0.03787878787878788,0.0,0.03787878787878788,0.015151515151515152,0.10606060606060606,0.12121212121212122,0.007575757575757576,0.0,2
401,0.0,0.05211726384364821,0.15309446254071662,0.16938110749185667,0.15309446254071662,0.14006514657980457,0.003257328990228013,0.0,0.04234527687296417,0.09446254071661238,0.0,0.003257328990228013,0.04234527687296417,0.04234527687296417,0.003257328990228013,0.05211726384364821,0.035830618892508145,0.006514657980456026,0.003257328990228013,0.003257328990228013,1
402,0.0,0.16666666666666666,0.08333333333333333,0.015151515151515152,0.022727272727272728,0.12878787878787878,0.08333333333333333,0.0,0.14393939393939395,0.015151515151515152,0.0,0.007575757575757576,0.007575757575757576,0.022727272727272728,0.007575757575757576,0.06818181818181818,0.045454545454545456,0.17424242424242425,0.007575757575757576,0.0,2
403,0.0,0.11578947368421053,0.07368421052631578,0.010526315789473684,0.010526315789473684,0.11578947368421053,0.10526315789473684,0.0,0.18947368421052632,0.010526315789473684,0.0,0.010526315789473684,0.010526315789473684,0.0,0.05263157894736842,0.06315789473684211,0.05263157894736842,0.12631578947368421,0.042105263157894736,0.010526315789473684,2
404,0.0,0.1165644171779141,0.05521472392638037,0.012269938650306749,0.018404907975460124,0.1165644171779141,0.05521472392638037,0.0,0.2147239263803681,0.018404907975460124,0.0,0.018404907975460124,0.006134969325153374,0.012269938650306749,0.012269938650306749,0.1165644171779141,0.04294478527607362,0.12269938650306748,0.03680981595092025,0.024539877300613498,2
405,0.0,0.08259587020648967,0.04129793510324484,0.008849557522123894,0.0,0.08259587020648967,0.10914454277286136,0.0,0.23303834808259588,0.04129793510324484,0.017699115044247787,0.035398230088495575,0.0029498525073746312,0.0029498525073746312,0.07964601769911504,0.035398230088495575,0.07669616519174041,0.12389380530973451,0.017699115044247787,0.008849557522123894,2
406,0.0,0.07547169811320754,0.03773584905660377,0.05660377358490566,0.09433962264150944,0.18867924528301888,0.0,0.0,0.1320754716981132,0.11320754716981132,0.0,0.05660377358490566,0.018867924528301886,0.03773584905660377,0.018867924528301886,0.09433962264150944,0.018867924528301886,0.05660377358490566,0.0,0.0,1
407,0.0,0.2054794520547945,0.1506849315068493,0.0410958904109589,0.0410958904109589,0.0273972602739726,0.0821917808219178,0.0,0.1095890410958904,0.0684931506849315,0.0,0.0,0.0273972602739726,0.0,0.0136986301369863,0.0136986301369863,0.0958904109589041,0.1095890410958904,0.0136986301369863,0.0,3
408,0.0,0.19002375296912113,0.12589073634204276,0.0023752969121140144,0.014251781472684086,0.12114014251781473,0.07125890736342043,0.0023752969121140144,0.08788598574821853,0.0665083135391924,0.0,0.007125890736342043,0.047505938242280284,0.007125890736342043,0.035629453681710214,0.021377672209026127,0.07838479809976247,0.09738717339667459,0.021377672209026127,0.0023752969121140144,3
409,0.0,0.047058823529411764,0.03529411764705882,0.0,0.00784313725490196,0.3215686274509804,0.0784313725490196,0.00392156862745098,0.20784313725490197,0.027450980392156862,0.0,0.0392156862745098,0.0,0.0196078431372549,0.01568627450980392,0.0784313725490196,0.023529411764705882,0.058823529411764705,0.023529411764705882,0.011764705882352941,1
410,0.0,0.010899182561307902,0.027247956403269755,0.0027247956403269754,0.005449591280653951,0.25340599455040874,0.08991825613079019,0.005449591280653951,0.27520435967302453,0.0326975476839237,0.027247956403269755,0.005449591280653951,0.0,0.010899182561307902,0.04087193460490463,0.1226158038147139,0.005449591280653951,0.05994550408719346,0.01907356948228883,0.005449591280653951,4
411,0.0,0.0914826498422713,0.0694006309148265,0.012618296529968454,0.031545741324921134,0.15457413249211358,0.05362776025236593,0.0031545741324921135,0.19873817034700317,0.028391167192429023,0.0,0.012618296529968454,0.006309148264984227,0.012618296529968454,0.028391167192429023,0.11356466876971609,0.031545741324921134,0.11356466876971609,0.01892744479495268,0.01892744479495268,0
412,0.0,0.05668016194331984,0.05668016194331984,0.008097165991902834,0.03643724696356275,0.21862348178137653,0.07692307692307693,0.020242914979757085,0.1417004048582996,0.032388663967611336,0.020242914979757085,0.024291497975708502,0.004048582995951417,0.008097165991902834,0.06477732793522267,0.10526315789473684,0.024291497975708502,0.0931174089068826,0.004048582995951417,0.004048582995951417,1
413,0.0,0.15789473684210525,0.03759398496240601,0.0,0.0,0.12781954887218044,0.15037593984962405,0.0,0.21052631578947367,0.045112781954887216,0.0,0.015037593984962405,0.007518796992481203,0.0,0.007518796992481203,0.08270676691729323,0.007518796992481203,0.09022556390977443,0.03759398496240601,0.022556390977443608,2
414,0.0003022974607013301,0.10096735187424426,0.06907496977025393,0.018742442563482467,0.026753325272067714,0.1630894800483676,0.06287787182587666,0.009371221281741234,0.19785368802902056,0.034159613059250304,0.002116082224909311,0.01995163240628779,0.008615477629987909,0.016626360338573155,0.02267230955259976,0.07693470374848851,0.048821039903264814,0.09446795646916566,0.018742442563482467,0.007859733978234583,0
415,0.0,0.10245901639344263,0.06147540983606557,0.004098360655737705,0.00819672131147541,0.12704918032786885,0.11065573770491803,0.004098360655737705,0.1885245901639344,0.020491803278688523,0.020491803278688523,0.01639344262295082,0.012295081967213115,0.00819672131147541,0.05327868852459016,0.0860655737704918,0.028688524590163935,0.11885245901639344,0.01639344262295082,0.012295081967213115,2
416,0.0,0.08783783783783784,0.06756756756756757,0.02027027027027027,0.02702702702702703,0.1554054054054054,0.07432432432432433,0.006756756756756757,0.18243243243243243,0.0472972972972973,0.006756756756756757,0.013513513513513514,0.006756756756756757,0.006756756756756757,0.02702702702702703,0.0945945945945946,0.06756756756756757,0.07432432432432433,0.02702702702702703,0.006756756756756757,0
417,0.0,0.08333333333333333,0.078125,0.010416666666666666,0.015625,0.052083333333333336,0.10416666666666667,0.0,0.21875,0.041666666666666664,0.0,0.026041666666666668,0.03125,0.0,0.06770833333333333,0.046875,0.078125,0.13020833333333334,0.015625,0.0,2
418,0.0,0.08273381294964029,0.10431654676258993,0.0035971223021582736,0.017985611510791366,0.10071942446043165,0.07913669064748201,0.0035971223021582736,0.1906474820143885,0.07194244604316546,0.007194244604316547,0.01079136690647482,0.039568345323741004,0.007194244604316547,0.046762589928057555,0.05755395683453238,0.05755395683453238,0.10071942446043165,0.014388489208633094,0.0035971223021582736,2
419,0.0,0.1318407960199005,0.04975124378109453,0.007462686567164179,0.012437810945273632,0.07960199004975124,0.07960199004975124,0.03731343283582089,0.1865671641791045,0.017412935323383085,0.0024875621890547263,0.0472636815920398,0.014925373134328358,0.007462686567164179,0.03482587064676617,0.02736318407960199,0.06467661691542288,0.1517412935323383,0.0472636815920398,0.0,2
420,0.0,0.09313725490196079,0.0857843137254902,0.029411764705882353,0.024509803921568627,0.14705882352941177,0.03431372549019608,0.01715686274509804,0.14705882352941177,0.058823529411764705,0.004901960784313725,0.04411764705882353,0.012254901960784314,0.02696078431372549,0.02696078431372549,0.056372549019607844,0.07352941176470588,0.08333333333333333,0.03431372549019608,0.0,0
421,0.0,0.04878048780487805,0.07317073170731707,0.012195121951219513,0.04878048780487805,0.10975609756097561,0.036585365853658534,0.0,0.32926829268292684,0.036585365853658534,0.0,0.012195121951219513,0.0,0.0,0.024390243902439025,0.0975609756097561,0.012195121951219513,0.06097560975609756,0.07317073170731707,0.024390243902439025,4
422,0.0,0.09852216748768473,0.04926108374384237,0.0049261083743842365,0.024630541871921183,0.12807881773399016,0.054187192118226604,0.0,0.1921182266009852,0.024630541871921183,0.014778325123152709,0.059113300492610835,0.0,0.0049261083743842365,0.04926108374384237,0.054187192118226604,0.06403940886699508,0.09852216748768473,0.04926108374384237,0.029556650246305417,2
423,0.0,0.171875,0.078125,0.0,0.0,0.09375,0.078125,0.0,0.15625,0.03125,0.0,0.015625,0.015625,0.0,0.015625,0.03125,0.109375,0.140625,0.046875,0.015625,2
424,0.0,0.055865921787709494,0.0111731843575419,0.0111731843575419,0.00558659217877095,0.12011173184357542,0.12011173184357542,0.0,0.20670391061452514,0.019553072625698324,0.0111731843575419,0.05027932960893855,0.0111731843575419,0.008379888268156424,0.10893854748603352,0.03910614525139665,0.030726256983240222,0.18156424581005587,0.00558659217877095,0.002793296089385475,2
425,0.0,0.14093959731543623,0.09843400447427293,0.020134228187919462,0.026845637583892617,0.11073825503355705,0.07270693512304251,0.0,0.14205816554809844,0.03243847874720358,0.0011185682326621924,0.03355704697986577,0.006711409395973154,0.008948545861297539,0.03131991051454139,0.053691275167785234,0.07270693512304251,0.12639821029082773,0.017897091722595078,0.003355704697986577,0
426,0.0,0.05303030303030303,0.11742424242424243,0.06818181818181818,0.07575757575757576,0.1553030303030303,0.041666666666666664,0.0,0.14772727272727273,0.08333333333333333,0.0,0.0,0.041666666666666664,0.026515151515151516,0.015151515151515152,0.10227272727272728,0.03409090909090909,0.03409090909090909,0.003787878787878788,0.0,1
427,0.0,0.12442396313364056,0.059907834101382486,0.004608294930875576,0.009216589861751152,0.09216589861751152,0.06451612903225806,0.009216589861751152,0.1935483870967742,0.041474654377880185,0.0,0.027649769585253458,0.004608294930875576,0.013824884792626729,0.04608294930875576,0.07373271889400922,0.059907834101382486,0.1336405529953917,0.03686635944700461,0.004608294930875576,2
428,0.0,0.1552132701421801,0.11018957345971564,0.02962085308056872,0.03317535545023697,0.14454976303317535,0.0462085308056872,0.002369668246445498,0.0947867298578199,0.0462085308056872,0.001184834123222749,0.04265402843601896,0.005924170616113744,0.01066350710900474,0.017772511848341232,0.04265402843601896,0.0995260663507109,0.09597156398104266,0.016587677725118485,0.004739336492890996,3
429,0.0,0.10759493670886076,0.0759493670886076,0.0189873417721519,0.04430379746835443,0.13291139240506328,0.04430379746835443,0.0,0.18354430379746836,0.0189873417721519,0.006329113924050633,0.006329113924050633,0.012658227848101266,0.0189873417721519,0.0189873417721519,0.13924050632911392,0.03164556962025317,0.0949367088607595,0.0189873417721519,0.02531645569620253,0
430,0.0,0.08426966292134831,0.11797752808988764,0.056179775280898875,0.056179775280898875,0.11797752808988764,0.0449438202247191,0.0,0.16292134831460675,0.056179775280898875,0.0,0.011235955056179775,0.011235955056179775,0.0,0.03932584269662921,0.07303370786516854,0.10112359550561797,0.06179775280898876,0.0056179775280898875,0.0,0
431,0.0,0.14285714285714285,0.08928571428571429,0.0,0.017857142857142856,0.21428571428571427,0.03571428571428571,0.0,0.08928571428571429,0.03571428571428571,0.0,0.0,0.0,0.0,0.03571428571428571,0.14285714285714285,0.05357142857142857,0.08928571428571429,0.03571428571428571,0.017857142857142856,0
432,0.0,0.10588235294117647,0.08104575163398693,0.0196078431372549,0.02483660130718954,0.06143790849673202,0.08235294117647059,0.0,0.19084967320261437,0.027450980392156862,0.00130718954248366,0.027450980392156862,0.022222222222222223,0.00522875816993464,0.047058823529411764,0.07712418300653595,0.06143790849673202,0.1411764705882353,0.022222222222222223,0.00130718954248366,2
433,0.0,0.11764705882352941,0.029411764705882353,0.0,0.0,0.058823529411764705,0.19117647058823528,0.0,0.20588235294117646,0.0,0.0,0.014705882352941176,0.029411764705882353,0.0,0.07352941176470588,0.014705882352941176,0.029411764705882353,0.17647058823529413,0.04411764705882353,0.014705882352941176,2
434,0.0,0.1346704871060172,0.11031518624641834,0.03008595988538682,0.027220630372492838,0.10028653295128939,0.07306590257879657,0.0014326647564469914,0.1361031518624642,0.044412607449856735,0.0,0.027220630372492838,0.01862464183381089,0.0071633237822349575,0.024355300859598854,0.045845272206303724,0.08595988538681948,0.10888252148997135,0.02148997134670487,0.0028653295128939827,3
435,0.0,0.14285714285714285,0.07563025210084033,0.01680672268907563,0.025210084033613446,0.07563025210084033,0.11764705882352941,0.0,0.18487394957983194,0.01680672268907563,0.0,0.0,0.04201680672268908,0.008403361344537815,0.05042016806722689,0.03361344537815126,0.06722689075630252,0.12605042016806722,0.0,0.01680672268907563,2
436,0.0,0.09352517985611511,0.08273381294964029,0.03597122302158273,0.10071942446043165,0.20503597122302158,0.039568345323741004,0.0,0.1366906474820144,0.050359712230215826,0.0,0.007194244604316547,0.01079136690647482,0.025179856115107913,0.007194244604316547,0.06474820143884892,0.025179856115107913,0.08992805755395683,0.014388489208633094,0.01079136690647482,1
437,0.0,0.09830508474576272,0.06779661016949153,0.0,0.006779661016949152,0.12542372881355932,0.0847457627118644,0.003389830508474576,0.2847457627118644,0.013559322033898305,0.0,0.0,0.003389830508474576,0.0,0.02711864406779661,0.09491525423728814,0.04067796610169491,0.09830508474576272,0.04406779661016949,0.006779661016949152,4
438,0.0,0.1641025641025641,0.09173789173789174,0.021652421652421653,0.021652421652421653,0.15156695156695157,0.06381766381766382,0.005128205128205128,0.1259259259259259,0.038746438746438745,0.0011396011396011395,0.009116809116809116,0.008547008547008548,0.011965811965811967,0.016524216524216526,0.07977207977207977,0.06552706552706553,0.10484330484330484,0.014245014245014245,0.003988603988603989,0
439,0.0,0.18032786885245902,0.14754098360655737,0.04918032786885246,0.04918032786885246,0.06557377049180328,0.03278688524590164,0.01639344262295082,0.11475409836065574,0.08196721311475409,0.0,0.0,0.03278688524590164,0.0,0.0,0.03278688524590164,0.06557377049180328,0.06557377049180328,0.06557377049180328,0.0,3
440,0.0,0.056179775280898875,0.07865168539325842,0.02247191011235955,0.011235955056179775,0.11235955056179775,0.011235955056179775,0.0,0.21348314606741572,0.033707865168539325,0.011235955056179775,0.0449438202247191,0.0,0.0,0.033707865168539325,0.0449438202247191,0.20224719101123595,0.10112359550561797,0.011235955056179775,0.011235955056179775,0
441,0.0,0.18796992481203006,0.14285714285714285,0.015037593984962405,0.007518796992481203,0.15037593984962405,0.06766917293233082,0.0,0.06766917293233082,0.06015037593984962,0.0,0.03759398496240601,0.03759398496240601,0.0,0.03007518796992481,0.015037593984962405,0.09022556390977443,0.07518796992481203,0.015037593984962405,0.0,3
442,0.0,0.06521739130434782,0.06521739130434782,0.043478260869565216,0.043478260869565216,0.10869565217391304,0.021739130434782608,0.0,0.2826086956521739,0.0,0.0,0.06521739130434782,0.0,0.0,0.043478260869565216,0.10869565217391304,0.021739130434782608,0.10869565217391304,0.021739130434782608,0.0,4
443,0.0,0.11290322580645161,0.10483870967741936,0.008064516129032258,0.008064516129032258,0.056451612903225805,0.07258064516129033,0.0,0.1935483870967742,0.056451612903225805,0.0,0.04032258064516129,0.04838709677419355,0.0,0.03225806451612903,0.056451612903225805,0.0967741935483871,0.0967741935483871,0.016129032258064516,0.0,2
444,0.0,0.10256410256410256,0.03418803418803419,0.008547008547008548,0.02564102564102564,0.1111111111111111,0.1452991452991453,0.0,0.17094017094017094,0.042735042735042736,0.0,0.017094017094017096,0.008547008547008548,0.008547008547008548,0.02564102564102564,0.06837606837606838,0.042735042735042736,0.1452991452991453,0.03418803418803419,0.008547008547008548,2
445,0.0,0.09821428571428571,0.08928571428571429,0.022321428571428572,0.022321428571428572,0.09821428571428571,0.07589285714285714,0.0,0.19196428571428573,0.05357142857142857,0.0,0.013392857142857142,0.022321428571428572,0.004464285714285714,0.03125,0.0625,0.05357142857142857,0.11160714285714286,0.044642857142857144,0.004464285714285714,2
446,0.0,0.10638297872340426,0.08936170212765958,0.02127659574468085,0.03404255319148936,0.14042553191489363,0.05106382978723404,0.0,0.14893617021276595,0.03404255319148936,0.0,0.01276595744680851,0.01276595744680851,0.02127659574468085,0.02553191489361702,0.10212765957446808,0.05531914893617021,0.1148936170212766,0.01702127659574468,0.01276595744680851,0
447,0.0,0.14285714285714285,0.07792207792207792,0.021645021645021644,0.047619047619047616,0.11688311688311688,0.06493506493506493,0.0,0.14285714285714285,0.03463203463203463,0.0,0.017316017316017316,0.012987012987012988,0.021645021645021644,0.017316017316017316,0.06926406926406926,0.03463203463203463,0.1341991341991342,0.017316017316017316,0.025974025974025976,0
448,0.0004253509145044662,0.132284134410889,0.0874096129306678,0.019353466609953213,0.028711186729051468,0.20140365801786475,0.06571671629094003,0.004040833687792429,0.1278179498085921,0.03424074861760953,0.0006380263717566993,0.017014036580178648,0.018928115695448746,0.01233517652062952,0.021054870267971076,0.04912803062526584,0.0635899617184177,0.09485325393449597,0.01105912377711612,0.009995746490854955,0
449,0.0,0.0970873786407767,0.06796116504854369,0.0,0.009708737864077669,0.1650485436893204,0.11650485436893204,0.009708737864077669,0.1553398058252427,0.02912621359223301,0.0,0.009708737864077669,0.0,0.0,0.04854368932038835,0.07766990291262135,0.04854368932038835,0.10679611650485436,0.04854368932038835,0.009708737864077669,0
450,0.0,0.13934426229508196,0.06557377049180328,0.00819672131147541,0.01639344262295082,0.11475409836065574,0.040983606557377046,0.0,0.21311475409836064,0.02459016393442623,0.0,0.05737704918032787,0.0,0.02459016393442623,0.03278688524590164,0.05737704918032787,0.06557377049180328,0.09836065573770492,0.02459016393442623,0.01639344262295082,2
451,0.0,0.125,0.10416666666666667,0.020833333333333332,0.03125,0.13541666666666666,0.052083333333333336,0.0,0.10416666666666667,0.041666666666666664,0.0,0.010416666666666666,0.0,0.020833333333333332,0.020833333333333332,0.10416666666666667,0.052083333333333336,0.17708333333333334,0.0,0.0,0
452,0.0,0.19270833333333334,0.11631944444444445,0.005208333333333333,0.005208333333333333,0.10243055555555555,0.06770833333333333,0.0,0.09375,0.022569444444444444,0.001736111111111111,0.03993055555555555,0.0,0.005208333333333333,0.03819444444444445,0.036458333333333336,0.109375,0.14583333333333334,0.015625,0.001736111111111111,3
453,0.0,0.11630847029077118,0.07332490518331226,0.01390644753476612,0.01390644753476612,0.1997471554993679,0.07711757269279393,0.0012642225031605564,0.14917825537294563,0.02402022756005057,0.0012642225031605564,0.017699115044247787,0.0025284450063211127,0.007585335018963337,0.03413400758533502,0.07964601769911504,0.04677623261694058,0.11630847029077118,0.021491782553729456,0.0037926675094816687,0
454,0.0,0.04032258064516129,0.03225806451612903,0.016129032258064516,0.0,0.07258064516129033,0.08870967741935484,0.0,0.20161290322580644,0.03225806451612903,0.008064516129032258,0.12903225806451613,0.0,0.0,0.11290322580645161,0.04032258064516129,0.03225806451612903,0.1774193548387097,0.016129032258064516,0.0,2
455,0.0,0.09815950920245399,0.06134969325153374,0.024539877300613498,0.03067484662576687,0.1165644171779141,0.06748466257668712,0.0,0.1901840490797546,0.03067484662576687,0.0,0.012269938650306749,0.018404907975460124,0.024539877300613498,0.012269938650306749,0.09202453987730061,0.03680981595092025,0.12883435582822086,0.03680981595092025,0.018404907975460124,2
456,0.0,0.09345794392523364,0.09345794392523364,0.028037383177570093,0.056074766355140186,0.17757009345794392,0.037383177570093455,0.0,0.12149532710280374,0.056074766355140186,0.0,0.018691588785046728,0.0,0.018691588785046728,0.037383177570093455,0.09345794392523364,0.04672897196261682,0.12149532710280374,0.0,0.0,0
457,0.0,0.17293233082706766,0.15037593984962405,0.015037593984962405,0.022556390977443608,0.11278195488721804,0.03007518796992481,0.0,0.08270676691729323,0.022556390977443608,0.0,0.045112781954887216,0.0,0.015037593984962405,0.03759398496240601,0.03759398496240601,0.15037593984962405,0.09022556390977443,0.007518796992481203,0.007518796992481203,3
458,0.0,0.11560693641618497,0.08670520231213873,0.023121387283236993,0.04046242774566474,0.1329479768786127,0.046242774566473986,0.0,0.16184971098265896,0.028901734104046242,0.0,0.0,0.017341040462427744,0.028901734104046242,0.005780346820809248,0.12138728323699421,0.03468208092485549,0.12138728323699421,0.023121387283236993,0.011560693641618497,0
459,0.0,0.14606741573033707,0.16853932584269662,0.10112359550561797,0.07865168539325842,0.056179775280898875,0.011235955056179775,0.0,0.10112359550561797,0.0449438202247191,0.0,0.0,0.056179775280898875,0.0,0.033707865168539325,0.011235955056179775,0.11235955056179775,0.056179775280898875,0.011235955056179775,0.011235955056179775,3
460,0.0,0.10077519379844961,0.1124031007751938,0.046511627906976744,0.05426356589147287,0.08914728682170543,0.05426356589147287,0.0,0.16279069767441862,0.05813953488372093,0.0,0.015503875968992248,0.027131782945736434,0.003875968992248062,0.04263565891472868,0.05426356589147287,0.07751937984496124,0.08914728682170543,0.011627906976744186,0.0,0
461,0.0,0.12162162162162163,0.06756756756756757,0.0,0.0,0.08108108108108109,0.08108108108108109,0.0,0.25675675675675674,0.013513513513513514,0.0,0.02702702702702703,0.013513513513513514,0.0,0.02702702702702703,0.08108108108108109,0.06756756756756757,0.10810810810810811,0.04054054054054054,0.013513513513513514,2
462,0.0,0.07502467917077986,0.0562685093780849,0.007897334649555774,0.008884501480750246,0.14313919052319843,0.06712734452122408,0.06811451135241856,0.23395853899308983,0.03257650542941757,0.009871668311944718,0.024679170779861797,0.008884501480750246,0.011846001974333662,0.02566633761105627,0.0562685093780849,0.049358341559723594,0.08390918065153011,0.029615004935834157,0.006910167818361303,4
463,0.0,0.18181818181818182,0.10101010101010101,0.010101010101010102,0.010101010101010102,0.09090909090909091,0.04040404040404041,0.010101010101010102,0.1717171717171717,0.030303030303030304,0.0,0.030303030303030304,0.010101010101010102,0.010101010101010102,0.010101010101010102,0.06060606060606061,0.04040404040404041,0.0707070707070707,0.12121212121212122,0.0,2
464,0.0,0.16037735849056603,0.11556603773584906,0.009433962264150943,0.018867924528301886,0.07075471698113207,0.07311320754716981,0.0,0.13443396226415094,0.030660377358490566,0.0023584905660377358,0.014150943396226415,0.01650943396226415,0.0047169811320754715,0.030660377358490566,0.049528301886792456,0.08726415094339622,0.14150943396226415,0.030660377358490566,0.009433962264150943,3
465,0.0,0.12535612535612536,0.06552706552706553,0.002849002849002849,0.002849002849002849,0.042735042735042736,0.09686609686609686,0.0,0.15954415954415954,0.008547008547008548,0.022792022792022793,0.022792022792022793,0.0,0.005698005698005698,0.06267806267806268,0.04843304843304843,0.06837606837606838,0.1908831908831909,0.06267806267806268,0.011396011396011397,2
466,0.0,0.15748031496062992,0.14435695538057744,0.03674540682414698,0.04461942257217848,0.08661417322834646,0.05511811023622047,0.0,0.10236220472440945,0.06036745406824147,0.0,0.005249343832020997,0.06036745406824147,0.0026246719160104987,0.026246719160104987,0.03674540682414698,0.07086614173228346,0.09711286089238845,0.013123359580052493,0.0,3
467,0.0,0.1206896551724138,0.034482758620689655,0.017241379310344827,0.017241379310344827,0.08620689655172414,0.017241379310344827,0.0,0.25862068965517243,0.0,0.0,0.017241379310344827,0.0,0.017241379310344827,0.0,0.15517241379310345,0.034482758620689655,0.05172413793103448,0.15517241379310345,0.017241379310344827,4
468,0.0,0.11538461538461539,0.10576923076923077,0.028846153846153848,0.038461538461538464,0.10576923076923077,0.08653846153846154,0.0,0.1346153846153846,0.038461538461538464,0.0,0.009615384615384616,0.019230769230769232,0.019230769230769232,0.028846153846153848,0.038461538461538464,0.038461538461538464,0.1346153846153846,0.028846153846153848,0.028846153846153848,0
469,0.0,0.12231404958677686,0.09008264462809917,0.00743801652892562,0.014049586776859505,0.13884297520661157,0.06115702479338843,0.0008264462809917355,0.15537190082644628,0.030578512396694214,0.010743801652892562,0.03305785123966942,0.0,0.010743801652892562,0.033884297520661154,0.05950413223140496,0.09008264462809917,0.11074380165289256,0.021487603305785124,0.00909090909090909,0
470,0.0,0.11659192825112108,0.09417040358744394,0.017937219730941704,0.03587443946188341,0.12556053811659193,0.07623318385650224,0.0,0.15246636771300448,0.04035874439461883,0.0,0.004484304932735426,0.013452914798206279,0.017937219730941704,0.02242152466367713,0.07623318385650224,0.03587443946188341,0.13452914798206278,0.026905829596412557,0.008968609865470852,0
471,0.0,0.1111111111111111,0.10185185185185185,0.06481481481481481,0.06481481481481481,0.12962962962962962,0.037037037037037035,0.0,0.1111111111111111,0.05555555555555555,0.0,0.009259259259259259,0.037037037037037035,0.018518518518518517,0.009259259259259259,0.06481481481481481,0.06481481481481481,0.07407407407407407,0.046296296296296294,0.0,0
472,0.0,0.0625,0.078125,0.0,0.0,0.140625,0.125,0.0,0.234375,0.078125,0.0,0.015625,0.046875,0.0,0.046875,0.03125,0.046875,0.09375,0.0,0.0,2
473,0.0,0.041666666666666664,0.041666666666666664,0.020833333333333332,0.03125,0.19791666666666666,0.041666666666666664,0.020833333333333332,0.22916666666666666,0.08333333333333333,0.0,0.020833333333333332,0.0,0.0,0.041666666666666664,0.09375,0.052083333333333336,0.08333333333333333,0.0,0.0,4
474,0.0,0.047689385946402194,0.055707955264823805,0.01688119856509812,0.027220932686220722,0.1622705212070057,0.051276640641485544,0.019624393331926566,0.24752057396075122,0.029964127453049168,0.010128719139058873,0.02173454315256383,0.003587254695083351,0.028276007596539355,0.0310192023633678,0.10761764085250053,0.03186326229162271,0.07364422874024056,0.023844692973201097,0.010128719139058873,4
475,0.0,0.17647058823529413,0.1875,0.04411764705882353,0.04779411764705882,0.08272058823529412,0.022058823529411766,0.0,0.03860294117647059,0.06985294117647059,0.0,0.0055147058823529415,0.0661764705882353,0.0055147058823529415,0.007352941176470588,0.01838235294117647,0.14522058823529413,0.07352941176470588,0.007352941176470588,0.001838235294117647,3
476,0.0,0.07035175879396985,0.08542713567839195,0.05527638190954774,0.09547738693467336,0.135678391959799,0.035175879396984924,0.0,0.1658291457286432,0.04020100502512563,0.0,0.0,0.01507537688442211,0.03015075376884422,0.01507537688442211,0.11557788944723618,0.020100502512562814,0.09547738693467336,0.01507537688442211,0.010050251256281407,0
477,0.0,0.10413030831879,0.09598603839441536,0.04653868528214078,0.04944735311227458,0.14950552646887724,0.03432228039557882,0.004653868528214078,0.1314717859220477,0.06050029086678301,0.0034904013961605585,0.02675974403723095,0.014543339150668994,0.011634671320535195,0.030250145433391506,0.04130308318789994,0.10529377545084351,0.07446189645142524,0.011052937754508435,0.004653868528214078,0
478,0.0,0.11594202898550725,0.11594202898550725,0.043478260869565216,0.057971014492753624,0.11594202898550725,0.028985507246376812,0.0,0.11594202898550725,0.057971014492753624,0.0,0.014492753623188406,0.014492753623188406,0.028985507246376812,0.028985507246376812,0.07246376811594203,0.07246376811594203,0.07246376811594203,0.014492753623188406,0.028985507246376812,0
479,0.0,0.0576036866359447,0.06912442396313365,0.03456221198156682,0.055299539170506916,0.2304147465437788,0.03456221198156682,0.002304147465437788,0.16359447004608296,0.041474654377880185,0.0,0.016129032258064516,0.002304147465437788,0.029953917050691243,0.018433179723502304,0.10829493087557604,0.0576036866359447,0.055299539170506916,0.01152073732718894,0.01152073732718894,1
480,0.0,0.10810810810810811,0.07924874026568941,0.017865322950068714,0.024278515803939534,0.16811726981218506,0.06275767292716446,0.00641319285387082,0.168575355016033,0.04489234997709574,0.0022904260192395786,0.0320659642693541,0.007329363261566651,0.012368300503893724,0.027943197434722858,0.0668804397617957,0.05176362803481448,0.09253321117727897,0.01923957856161246,0.007329363261566651,0
481,0.0,0.12162162162162163,0.04054054054054054,0.0,0.02702702702702703,0.08108108108108109,0.08108108108108109,0.0,0.20270270270270271,0.0,0.013513513513513514,0.02702702702702703,0.0,0.0,0.08108108108108109,0.08108108108108109,0.06756756756756757,0.16216216216216217,0.013513513513513514,0.0,2
482,0.0,0.15966386554621848,0.10644257703081232,0.014005602240896359,0.025210084033613446,0.15406162464985995,0.036414565826330535,0.0,0.13725490196078433,0.047619047619047616,0.0,0.01680672268907563,0.014005602240896359,0.008403361344537815,0.025210084033613446,0.07282913165266107,0.06722689075630252,0.10364145658263306,0.008403361344537815,0.0028011204481792717,0
483,0.0,0.1050925925925926,0.09583333333333334,0.044444444444444446,0.0412037037037037,0.15648148148148147,0.04583333333333333,0.0023148148148148147,0.12083333333333333,0.06388888888888888,0.001388888888888889,0.02175925925925926,0.019444444444444445,0.022222222222222223,0.02638888888888889,0.07592592592592592,0.0699074074074074,0.06944444444444445,0.012962962962962963,0.004629629629629629,0
484,0.0,0.06142857142857143,0.04428571428571428,0.04,0.06142857142857143,0.2257142857142857,0.06571428571428571,0.0014285714285714286,0.12571428571428572,0.047142857142857146,0.002857142857142857,0.03428571428571429,0.015714285714285715,0.02857142857142857,0.041428571428571426,0.08714285714285715,0.03142857142857143,0.08,0.005714285714285714,0.0,1
485,0.0,0.15942028985507245,0.14492753623188406,0.014492753623188406,0.014492753623188406,0.07246376811594203,0.07246376811594203,0.0,0.14492753623188406,0.0,0.0,0.028985507246376812,0.014492753623188406,0.014492753623188406,0.0,0.043478260869565216,0.057971014492753624,0.15942028985507245,0.043478260869565216,0.014492753623188406,3
486,0.0,0.2111111111111111,0.1388888888888889,0.005555555555555556,0.011111111111111112,0.06666666666666667,0.09444444444444444,0.0,0.07777777777777778,0.03333333333333333,0.0,0.011111111111111112,0.005555555555555556,0.005555555555555556,0.027777777777777776,0.03888888888888889,0.07222222222222222,0.16666666666666666,0.022222222222222223,0.011111111111111112,3
487,0.0,0.09696969696969697,0.10303030303030303,0.04242424242424243,0.03636363636363636,0.1393939393939394,0.048484848484848485,0.0,0.1393939393939394,0.05454545454545454,0.0,0.024242424242424242,0.012121212121212121,0.0,0.03636363636363636,0.09090909090909091,0.06666666666666667,0.09090909090909091,0.01818181818181818,0.0,0
488,0.0,0.03571428571428571,0.08214285714285714,0.05357142857142857,0.060714285714285714,0.20357142857142857,0.039285714285714285,0.007142857142857143,0.19285714285714287,0.07142857142857142,0.007142857142857143,0.010714285714285714,0.014285714285714285,0.03214285714285714,0.02142857142857143,0.11428571428571428,0.007142857142857143,0.025,0.017857142857142856,0.0035714285714285713,1
489,0.0,0.10339168490153172,0.0836980306345733,0.02024070021881838,0.026805251641137857,0.15317286652078774,0.047592997811816196,0.0016411378555798686,0.14660831509846828,0.0525164113785558,0.0016411378555798686,0.031181619256017507,0.016411378555798686,0.018599562363238512,0.026805251641137857,0.10448577680525165,0.05415754923413567,0.09190371991247265,0.013676148796498906,0.005470459518599562,0
490,0.0,0.08888888888888889,0.09523809523809523,0.01904761904761905,0.015873015873015872,0.16507936507936508,0.050793650793650794,0.0,0.18095238095238095,0.06984126984126984,0.0,0.009523809523809525,0.04126984126984127,0.0031746031746031746,0.022222222222222223,0.10476190476190476,0.044444444444444446,0.07936507936507936,0.009523809523809525,0.0,0
491,0.0,0.03680981595092025,0.0736196319018405,0.03067484662576687,0.04294478527607362,0.31901840490797545,0.03680981595092025,0.0,0.15950920245398773,0.09202453987730061,0.0,0.0,0.03067484662576687,0.0,0.012269938650306749,0.1411042944785276,0.012269938650306749,0.006134969325153374,0.006134969325153374,0.0,1
492,0.0,0.13732394366197184,0.09507042253521127,0.017605633802816902,0.04929577464788732,0.1936619718309859,0.04929577464788732,0.0,0.10915492957746478,0.035211267605633804,0.0,0.028169014084507043,0.0,0.014084507042253521,0.017605633802816902,0.04929577464788732,0.0528169014084507,0.14788732394366197,0.0035211267605633804,0.0,0
493,0.0,0.2824858757062147,0.10734463276836158,0.0,0.0,0.05649717514124294,0.0903954802259887,0.0,0.12429378531073447,0.02824858757062147,0.0,0.03954802259887006,0.0,0.0,0.0,0.02824858757062147,0.0847457627118644,0.12429378531073447,0.022598870056497175,0.011299435028248588,3
494,0.0,0.2786885245901639,0.18032786885245902,0.0,0.0,0.03278688524590164,0.08196721311475409,0.0,0.09836065573770492,0.01639344262295082,0.0,0.03278688524590164,0.0,0.0,0.0,0.0,0.14754098360655737,0.06557377049180328,0.04918032786885246,0.01639344262295082,3
495,0.0,0.12445730824891461,0.0824891461649783,0.011577424023154847,0.010130246020260492,0.1389290882778582,0.0824891461649783,0.002894356005788712,0.191027496382055,0.03328509406657019,0.002894356005788712,0.017366136034732273,0.02170767004341534,0.00723589001447178,0.02894356005788712,0.049204052098408106,0.060781476121562955,0.11143270622286541,0.02170767004341534,0.001447178002894356,2
496,0.0,0.10975609756097561,0.14634146341463414,0.04878048780487805,0.024390243902439025,0.07317073170731707,0.036585365853658534,0.0,0.18292682926829268,0.06097560975609756,0.0,0.012195121951219513,0.036585365853658534,0.036585365853658534,0.012195121951219513,0.13414634146341464,0.06097560975609756,0.012195121951219513,0.012195121951219513,0.0,0
497,0.0,0.09154929577464789,0.08450704225352113,0.02112676056338028,0.028169014084507043,0.07746478873239436,0.07746478873239436,0.0,0.20422535211267606,0.06338028169014084,0.0,0.02112676056338028,0.02112676056338028,0.007042253521126761,0.04929577464788732,0.06338028169014084,0.06338028169014084,0.09859154929577464,0.028169014084507043,0.0,2
498,0.0,0.13541666666666666,0.13541666666666666,0.020833333333333332,0.03125,0.13541666666666666,0.0625,0.0,0.14583333333333334,0.0,0.0,0.0,0.020833333333333332,0.020833333333333332,0.020833333333333332,0.041666666666666664,0.041666666666666664,0.14583333333333334,0.03125,0.010416666666666666,0
499,0.0,0.1044776119402985,0.1044776119402985,0.014925373134328358,0.029850746268656716,0.1044776119402985,0.014925373134328358,0.014925373134328358,0.14925373134328357,0.04477611940298507,0.0,0.07462686567164178,0.0,0.07462686567164178,0.014925373134328358,0.014925373134328358,0.04477611940298507,0.08955223880597014,0.0,0.1044776119402985,0
500,0.0,0.032388663967611336,0.0728744939271255,0.0931174089068826,0.07692307692307693,0.2874493927125506,0.02834008097165992,0.0,0.10931174089068826,0.05668016194331984,0.0,0.012145748987854251,0.008097165991902834,0.044534412955465584,0.008097165991902834,0.10931174089068826,0.024291497975708502,0.032388663967611336,0.004048582995951417,0.0,1
501,0.0,0.10655737704918032,0.11475409836065574,0.03278688524590164,0.04918032786885246,0.12295081967213115,0.09016393442622951,0.0,0.13114754098360656,0.01639344262295082,0.0,0.01639344262295082,0.0,0.01639344262295082,0.03278688524590164,0.06557377049180328,0.040983606557377046,0.14754098360655737,0.01639344262295082,0.0,0
502,0.0,0.052083333333333336,0.0625,0.03125,0.041666666666666664,0.15625,0.0625,0.0,0.17708333333333334,0.03125,0.0,0.052083333333333336,0.0,0.041666666666666664,0.020833333333333332,0.0625,0.09375,0.09375,0.010416666666666666,0.010416666666666666,0
503,0.0,0.05982905982905983,0.04700854700854701,0.021367521367521368,0.02564102564102564,0.10683760683760683,0.08547008547008547,0.004273504273504274,0.26495726495726496,0.017094017094017096,0.0,0.038461538461538464,0.01282051282051282,0.017094017094017096,0.042735042735042736,0.05982905982905983,0.05555555555555555,0.11965811965811966,0.021367521367521368,0.0,4
504,0.0,0.027149321266968326,0.03619909502262444,0.013574660633484163,0.02262443438914027,0.2171945701357466,0.08144796380090498,0.01809954751131222,0.2398190045248869,0.04524886877828054,0.0,0.004524886877828055,0.004524886877828055,0.00904977375565611,0.02262443438914027,0.16289592760180996,0.00904977375565611,0.07239819004524888,0.00904977375565611,0.004524886877828055,4
505,0.0,0.10526315789473684,0.021052631578947368,0.042105263157894736,0.05263157894736842,0.11578947368421053,0.031578947368421054,0.0,0.10526315789473684,0.06315789473684211,0.0,0.16842105263157894,0.0,0.042105263157894736,0.042105263157894736,0.021052631578947368,0.07368421052631578,0.11578947368421053,0.0,0.0,0
506,0.0,0.0297029702970297,0.0297029702970297,0.009900990099009901,0.009900990099009901,0.1782178217821782,0.0594059405940594,0.009900990099009901,0.25742574257425743,0.04950495049504951,0.0,0.019801980198019802,0.009900990099009901,0.009900990099009901,0.0297029702970297,0.19801980198019803,0.0297029702970297,0.04950495049504951,0.009900990099009901,0.009900990099009901,4
507,0.0,0.12903225806451613,0.08064516129032258,0.016129032258064516,0.03225806451612903,0.06451612903225806,0.06451612903225806,0.0,0.14516129032258066,0.016129032258064516,0.0,0.03225806451612903,0.03225806451612903,0.016129032258064516,0.016129032258064516,0.0967741935483871,0.04838709677419355,0.12903225806451613,0.04838709677419355,0.03225806451612903,2
508,0.0,0.03333333333333333,0.11666666666666667,0.016666666666666666,0.03333333333333333,0.26666666666666666,0.0,0.0,0.18333333333333332,0.05,0.0,0.03333333333333333,0.0,0.05,0.0,0.08333333333333333,0.06666666666666667,0.016666666666666666,0.016666666666666666,0.03333333333333333,1
509,0.0,0.08195637805684071,0.1163251817580965,0.07336417713152676,0.08460013218770654,0.14606741573033707,0.025776602775941838,0.0006609385327164573,0.10575016523463318,0.08393919365499009,0.0013218770654329147,0.014540647719762063,0.031725049570389956,0.03238598810310641,0.015862524785194978,0.08195637805684071,0.056179775280898875,0.038995373430270985,0.004626569729015202,0.0039656311962987445,0
510,0.0,0.10486891385767791,0.06367041198501873,0.003745318352059925,0.011235955056179775,0.16104868913857678,0.0898876404494382,0.003745318352059925,0.1947565543071161,0.033707865168539325,0.00749063670411985,0.03745318352059925,0.003745318352059925,0.003745318352059925,0.0449438202247191,0.07116104868913857,0.04119850187265917,0.09363295880149813,0.018726591760299626,0.011235955056179775,0
511,0.0,0.14285714285714285,0.11688311688311688,0.006493506493506494,0.01948051948051948,0.05194805194805195,0.032467532467532464,0.0,0.19480519480519481,0.03896103896103896,0.0,0.025974025974025976,0.03896103896103896,0.006493506493506494,0.025974025974025976,0.032467532467532464,0.13636363636363635,0.1038961038961039,0.01948051948051948,0.006493506493506494,3
512,0.0,0.12751677852348994,0.08053691275167785,0.020134228187919462,0.03355704697986577,0.087248322147651,0.06040268456375839,0.0,0.1610738255033557,0.03355704697986577,0.0,0.013422818791946308,0.020134228187919462,0.020134228187919462,0.03355704697986577,0.06711409395973154,0.053691275167785234,0.14093959731543623,0.03355704697986577,0.013422818791946308,2
513,0.0,0.11627906976744186,0.11627906976744186,0.011627906976744186,0.011627906976744186,0.10465116279069768,0.03488372093023256,0.0,0.13953488372093023,0.046511627906976744,0.0,0.03488372093023256,0.011627906976744186,0.011627906976744186,0.023255813953488372,0.06976744186046512,0.08139534883720931,0.10465116279069768,0.046511627906976744,0.03488372093023256,0
514,0.0020222446916076846,0.09908998988877654,0.07583417593528817,0.024266936299292215,0.03640040444893832,0.14661274014155712,0.047522750252780584,0.005055611729019211,0.13346814964610718,0.04954499494438827,0.0020222446916076846,0.08897876643073811,0.012133468149646108,0.020222446916076844,0.029322548028311426,0.047522750252780584,0.0717896865520728,0.09201213346814964,0.010111223458038422,0.006066734074823054,0
515,0.0,0.17073170731707318,0.08536585365853659,0.012195121951219513,0.012195121951219513,0.012195121951219513,0.12195121951219512,0.0,0.15853658536585366,0.012195121951219513,0.0,0.012195121951219513,0.04878048780487805,0.0,0.04878048780487805,0.024390243902439025,0.12195121951219512,0.0975609756097561,0.06097560975609756,0.0,2
516,0.0,0.07692307692307693,0.13846153846153847,0.015384615384615385,0.015384615384615385,0.2,0.07692307692307693,0.0,0.15384615384615385,0.046153846153846156,0.0,0.0,0.0,0.0,0.0,0.09230769230769231,0.06153846153846154,0.046153846153846156,0.06153846153846154,0.015384615384615385,0
517,0.001728608470181504,0.06050129645635264,0.10198789974070872,0.05445116681071737,0.09161624891961971,0.15211754537597233,0.03802938634399308,0.001728608470181504,0.1512532411408816,0.05704407951598963,0.001728608470181504,0.00864304235090752,0.01901469317199654,0.046672428694900604,0.02247191011235955,0.08643042350907519,0.03111495246326707,0.046672428694900604,0.021607605877268798,0.005185825410544511,0
518,0.0,0.1,0.1,0.02857142857142857,0.02857142857142857,0.1,0.04285714285714286,0.0,0.15714285714285714,0.02857142857142857,0.0,0.04285714285714286,0.014285714285714285,0.04285714285714286,0.04285714285714286,0.05714285714285714,0.1,0.1,0.014285714285714285,0.0,0
519,0.0,0.1111111111111111,0.031746031746031744,0.0,0.0,0.2222222222222222,0.1746031746031746,0.0,0.19047619047619047,0.0,0.0,0.0,0.015873015873015872,0.0,0.015873015873015872,0.14285714285714285,0.015873015873015872,0.06349206349206349,0.015873015873015872,0.0,4
520,0.0,0.1276595744680851,0.12572533849129594,0.019342359767891684,0.02321083172147002,0.17794970986460348,0.048355899419729204,0.0019342359767891683,0.10058027079303675,0.05609284332688588,0.0019342359767891683,0.027079303675048357,0.007736943907156673,0.009671179883945842,0.019342359767891684,0.04448742746615087,0.12572533849129594,0.06576402321083172,0.01160541586073501,0.005802707930367505,0
521,0.0,0.09259259259259259,0.08333333333333333,0.009259259259259259,0.027777777777777776,0.12962962962962962,0.08333333333333333,0.0,0.18518518518518517,0.037037037037037035,0.0,0.0,0.0,0.018518518518518517,0.046296296296296294,0.09259259259259259,0.046296296296296294,0.14814814814814814,0.0,0.0,2
522,0.0,0.13240418118466898,0.09930313588850175,0.01916376306620209,0.017421602787456445,0.12369337979094076,0.08188153310104529,0.003484320557491289,0.15156794425087108,0.036585365853658534,0.0017421602787456446,0.006968641114982578,0.036585365853658534,0.012195121951219513,0.03484320557491289,0.03832752613240418,0.09059233449477352,0.09233449477351917,0.017421602787456445,0.003484320557491289,0
523,0.0,0.09055118110236221,0.1141732283464567,0.09448818897637795,0.05511811023622047,0.08267716535433071,0.047244094488188976,0.0,0.15354330708661418,0.11023622047244094,0.0,0.015748031496062992,0.023622047244094488,0.015748031496062992,0.011811023622047244,0.07086614173228346,0.047244094488188976,0.051181102362204724,0.015748031496062992,0.0,0
524,0.0,0.19553072625698323,0.13128491620111732,0.00558659217877095,0.013966480446927373,0.09776536312849161,0.05865921787709497,0.0,0.12290502793296089,0.0335195530726257,0.002793296089385475,0.01675977653631285,0.002793296089385475,0.00558659217877095,0.01675977653631285,0.04189944134078212,0.08379888268156424,0.12569832402234637,0.030726256983240222,0.013966480446927373,3
525,0.0006939625260235947,0.08535739070090215,0.10131852879944483,0.05829285218598196,0.06800832755031229,0.157529493407356,0.029840388619014575,0.021512838306731435,0.12352532963219987,0.055517002081887576,0.0006939625260235947,0.006245662734212352,0.031922276197085354,0.04302567661346287,0.01179736294240111,0.08952116585704371,0.054823039555863984,0.05065926439972242,0.008327550312283136,0.0013879250520471894,0
526,0.0,0.051470588235294115,0.0661764705882353,0.022058823529411766,0.022058823529411766,0.18382352941176472,0.09558823529411764,0.0,0.33088235294117646,0.014705882352941176,0.0,0.007352941176470588,0.007352941176470588,0.0,0.014705882352941176,0.09558823529411764,0.022058823529411766,0.04411764705882353,0.022058823529411766,0.0,4
527,0.0,0.08847736625514403,0.17078189300411523,0.03497942386831276,0.08024691358024691,0.10699588477366255,0.018518518518518517,0.00205761316872428,0.11522633744855967,0.05761316872427984,0.00205761316872428,0.043209876543209874,0.006172839506172839,0.0411522633744856,0.02263374485596708,0.04526748971193416,0.07613168724279835,0.06584362139917696,0.01646090534979424,0.006172839506172839,0
528,0.0,0.1407035175879397,0.08040201005025126,0.020100502512562814,0.01507537688442211,0.08040201005025126,0.1306532663316583,0.005025125628140704,0.19597989949748743,0.020100502512562814,0.005025125628140704,0.010050251256281407,0.04522613065326633,0.0,0.035175879396984924,0.035175879396984924,0.035175879396984924,0.12562814070351758,0.020100502512562814,0.0,2
529,0.0,0.140625,0.171875,0.03125,0.0625,0.1875,0.0,0.0,0.03125,0.078125,0.0,0.0,0.0,0.03125,0.03125,0.046875,0.0625,0.125,0.0,0.0,3
530,0.0,0.1038961038961039,0.07792207792207792,0.0,0.012987012987012988,0.12987012987012986,0.03896103896103896,0.0,0.19480519480519481,0.012987012987012988,0.0,0.012987012987012988,0.012987012987012988,0.0,0.012987012987012988,0.12987012987012986,0.05194805194805195,0.16883116883116883,0.025974025974025976,0.012987012987012988,2
531,0.0,0.1694915254237288,0.23728813559322035,0.0,0.01694915254237288,0.1016949152542373,0.03389830508474576,0.0,0.0847457627118644,0.06779661016949153,0.0,0.05084745762711865,0.0,0.01694915254237288,0.0,0.03389830508474576,0.0847457627118644,0.0847457627118644,0.0,0.01694915254237288,3
532,0.0,0.19858156028368795,0.05673758865248227,0.0,0.0,0.028368794326241134,0.15602836879432624,0.0,0.19148936170212766,0.0070921985815602835,0.0070921985815602835,0.0425531914893617,0.0,0.0,0.02127659574468085,0.03546099290780142,0.06382978723404255,0.14893617021276595,0.03546099290780142,0.0070921985815602835,2
533,0.0,0.0975609756097561,0.06504065040650407,0.024390243902439025,0.024390243902439025,0.11382113821138211,0.04878048780487805,0.0,0.0975609756097561,0.04065040650406504,0.0,0.17886178861788618,0.008130081300813009,0.008130081300813009,0.04065040650406504,0.032520325203252036,0.0975609756097561,0.10569105691056911,0.008130081300813009,0.008130081300813009,0
534,0.0,0.16984402079722705,0.14615829000577701,0.04852686308492201,0.047949162333911034,0.12478336221837089,0.03466204506065858,0.0,0.05950317735413056,0.06470248411322935,0.0005777007510109763,0.01848642403235124,0.04563835932986713,0.012709416522241479,0.012709416522241479,0.032351242056614674,0.09474292316580012,0.07221259387637204,0.010398613518197574,0.004043905257076834,3
535,0.0,0.09375,0.03125,0.015625,0.0,0.28125,0.0625,0.0,0.171875,0.015625,0.0,0.03125,0.0,0.03125,0.03125,0.140625,0.015625,0.078125,0.0,0.0,1
536,0.0,0.10638297872340426,0.06382978723404255,0.0,0.0,0.13829787234042554,0.05319148936170213,0.0,0.24468085106382978,0.0,0.0,0.0425531914893617,0.010638297872340425,0.0,0.02127659574468085,0.0425531914893617,0.06382978723404255,0.14893617021276595,0.031914893617021274,0.031914893617021274,2
537,0.0,0.1328125,0.078125,0.0,0.0,0.1171875,0.140625,0.0078125,0.171875,0.0625,0.0,0.0078125,0.0546875,0.0,0.015625,0.0234375,0.046875,0.109375,0.0234375,0.0078125,2
538,0.0,0.02727272727272727,0.10909090909090909,0.07272727272727272,0.1,0.19090909090909092,0.00909090909090909,0.0,0.10909090909090909,0.06363636363636363,0.0,0.0,0.045454545454545456,0.11818181818181818,0.00909090909090909,0.10909090909090909,0.01818181818181818,0.0,0.00909090909090909,0.00909090909090909,1
539,0.0,0.10434782608695652,0.13043478260869565,0.08695652173913043,0.10434782608695652,0.25217391304347825,0.043478260869565216,0.0,0.0782608695652174,0.06956521739130435,0.0,0.017391304347826087,0.008695652173913044,0.008695652173913044,0.0,0.05217391304347826,0.02608695652173913,0.008695652173913044,0.008695652173913044,0.0,1
540,0.0,0.16793893129770993,0.12213740458015267,0.007633587786259542,0.015267175572519083,0.09923664122137404,0.06870229007633588,0.0,0.08396946564885496,0.05343511450381679,0.007633587786259542,0.03816793893129771,0.022900763358778626,0.007633587786259542,0.04580152671755725,0.022900763358778626,0.0916030534351145,0.13740458015267176,0.007633587786259542,0.0,3
541,0.0,0.11934156378600823,0.09465020576131687,0.037037037037037035,0.04526748971193416,0.1522633744855967,0.06172839506172839,0.0,0.12757201646090535,0.02880658436213992,0.0,0.0205761316872428,0.00823045267489712,0.0205761316872428,0.0205761316872428,0.07818930041152264,0.037037037037037035,0.11522633744855967,0.012345679012345678,0.0205761316872428,0
542,0.0,0.08490566037735849,0.07232704402515723,0.040880503144654086,0.050314465408805034,0.16981132075471697,0.06918238993710692,0.0031446540880503146,0.12264150943396226,0.04716981132075472,0.0,0.025157232704402517,0.015723270440251572,0.02830188679245283,0.031446540880503145,0.05345911949685535,0.07232704402515723,0.1069182389937107,0.0031446540880503146,0.0031446540880503146,0
543,0.0,0.07614213197969544,0.05583756345177665,0.03553299492385787,0.04060913705583756,0.2436548223350254,0.06598984771573604,0.0,0.116751269035533,0.03553299492385787,0.0,0.030456852791878174,0.02030456852791878,0.015228426395939087,0.02030456852791878,0.1116751269035533,0.05583756345177665,0.06091370558375635,0.01015228426395939,0.005076142131979695,1
544,0.0,0.1568627450980392,0.11764705882352941,0.0196078431372549,0.0196078431372549,0.11764705882352941,0.0196078431372549,0.0196078431372549,0.1568627450980392,0.0196078431372549,0.0,0.0196078431372549,0.0,0.0,0.0392156862745098,0.0784313725490196,0.058823529411764705,0.1568627450980392,0.0,0.0,0
545,0.0,0.13333333333333333,0.08333333333333333,0.0,0.05,0.13333333333333333,0.06666666666666667,0.0,0.08333333333333333,0.016666666666666666,0.0,0.016666666666666666,0.016666666666666666,0.0,0.05,0.05,0.08333333333333333,0.15,0.05,0.016666666666666666,0
546,0.0,0.13138686131386862,0.072992700729927,0.0072992700729927005,0.021897810218978103,0.08759124087591241,0.043795620437956206,0.0,0.13138686131386862,0.014598540145985401,0.0,0.15328467153284672,0.0,0.014598540145985401,0.021897810218978103,0.029197080291970802,0.12408759124087591,0.13138686131386862,0.014598540145985401,0.0,3
547,0.0,0.06382978723404255,0.0,0.0,0.0,0.10638297872340426,0.06382978723404255,0.0425531914893617,0.2553191489361702,0.0425531914893617,0.02127659574468085,0.0,0.0,0.02127659574468085,0.0425531914893617,0.1276595744680851,0.0425531914893617,0.10638297872340426,0.06382978723404255,0.0,4
548,0.0,0.18461538461538463,0.1076923076923077,0.0,0.0,0.12307692307692308,0.07692307692307693,0.015384615384615385,0.2,0.015384615384615385,0.0,0.0,0.015384615384615385,0.0,0.015384615384615385,0.07692307692307693,0.07692307692307693,0.06153846153846154,0.03076923076923077,0.0,2
549,0.0,0.234375,0.125,0.0,0.015625,0.0,0.109375,0.0,0.140625,0.046875,0.0,0.0,0.03125,0.0,0.03125,0.0,0.109375,0.109375,0.046875,0.0,3
550,0.0,0.15151515151515152,0.1414141414141414,0.04040404040404041,0.030303030303030304,0.06060606060606061,0.06060606060606061,0.0,0.12121212121212122,0.020202020202020204,0.0,0.0,0.0707070707070707,0.0,0.010101010101010102,0.030303030303030304,0.15151515151515152,0.08080808080808081,0.030303030303030304,0.0,3
551,0.0,0.19548872180451127,0.13784461152882205,0.015037593984962405,0.012531328320802004,0.05263157894736842,0.07017543859649122,0.002506265664160401,0.11779448621553884,0.03508771929824561,0.002506265664160401,0.007518796992481203,0.040100250626566414,0.0,0.03007518796992481,0.02756892230576441,0.09022556390977443,0.13533834586466165,0.02756892230576441,0.0,3
552,0.0,0.11299435028248588,0.10357815442561205,0.02448210922787194,0.035781544256120526,0.15819209039548024,0.04896421845574388,0.0,0.15254237288135594,0.04896421845574388,0.005649717514124294,0.022598870056497175,0.0018832391713747645,0.026365348399246705,0.026365348399246705,0.062146892655367235,0.062146892655367235,0.07532956685499058,0.02448210922787194,0.007532956685499058,0
553,0.0,0.08653846153846154,0.03365384615384615,0.0,0.0,0.10096153846153846,0.22596153846153846,0.019230769230769232,0.24519230769230768,0.004807692307692308,0.004807692307692308,0.0,0.0,0.0,0.03365384615384615,0.052884615384615384,0.019230769230769232,0.16826923076923078,0.004807692307692308,0.0,2
554,0.0,0.04365079365079365,0.05555555555555555,0.05555555555555555,0.07539682539682539,0.13095238095238096,0.023809523809523808,0.0,0.1746031746031746,0.05952380952380952,0.0,0.027777777777777776,0.007936507936507936,0.13095238095238096,0.011904761904761904,0.1111111111111111,0.023809523809523808,0.04365079365079365,0.015873015873015872,0.007936507936507936,1
555,0.0,0.10433504775900074,0.07274063188831742,0.005878030859662013,0.0213078618662748,0.20720058780308598,0.045554739162380606,0.0007347538574577516,0.13960323291697282,0.03159441587068332,0.0014695077149155032,0.060249816311535635,0.0007347538574577516,0.008082292432035268,0.02204261572373255,0.0683321087435709,0.09698750918442321,0.09184423218221896,0.01322556943423953,0.008082292432035268,0
556,0.0,0.10714285714285714,0.23214285714285715,0.017857142857142856,0.05357142857142857,0.026785714285714284,0.0,0.0,0.0625,0.23214285714285715,0.0,0.017857142857142856,0.09821428571428571,0.017857142857142856,0.026785714285714284,0.03571428571428571,0.03571428571428571,0.03571428571428571,0.0,0.0,3
557,0.0,0.175,0.2,0.05,0.0375,0.0875,0.0375,0.0,0.075,0.05,0.0,0.0125,0.0125,0.0125,0.0125,0.0375,0.1,0.075,0.025,0.0,3
558,0.0,0.06578947368421052,0.07894736842105263,0.019736842105263157,0.039473684210526314,0.1118421052631579,0.06578947368421052,0.0,0.20394736842105263,0.08552631578947369,0.0,0.02631578947368421,0.0,0.013157894736842105,0.03289473684210526,0.09210526315789473,0.019736842105263157,0.11842105263157894,0.02631578947368421,0.0,0
559,0.0,0.14603960396039603,0.10148514851485149,0.034653465346534656,0.05693069306930693,0.15099009900990099,0.04455445544554455,0.0,0.10396039603960396,0.04702970297029703,0.0,0.012376237623762377,0.007425742574257425,0.0297029702970297,0.01485148514851485,0.06435643564356436,0.06683168316831684,0.10148514851485149,0.012376237623762377,0.0049504950495049506,0
560,0.0007818608287724785,0.12040656763096169,0.08209538702111024,0.027365129007036748,0.017200938232994525,0.12822517591868648,0.06333072713057075,0.008600469116497263,0.1602814698983581,0.0437842064112588,0.001563721657544957,0.017200938232994525,0.018764659890539485,0.013291634089132134,0.033620015637216574,0.06254886630179828,0.07896794370602032,0.10086004691164972,0.012509773260359656,0.008600469116497263,0
561,0.0,0.15953307392996108,0.11348897535667964,0.022697795071335927,0.028534370946822308,0.11673151750972763,0.05642023346303502,0.0,0.10570687418936446,0.04734111543450065,0.0038910505836575876,0.026588845654993514,0.0324254215304799,0.00648508430609598,0.02529182879377432,0.035667963683527884,0.09208819714656291,0.10116731517509728,0.02204928664072633,0.0038910505836575876,3
562,0.0,0.07898894154818326,0.05845181674565561,0.017377567140600316,0.02527646129541864,0.13112164296998421,0.0631911532385466,0.001579778830963665,0.18009478672985782,0.03317535545023697,0.00315955766192733,0.08846761453396525,0.01263823064770932,0.007898894154818325,0.0315955766192733,0.08530805687203792,0.053712480252764615,0.11216429699842022,0.01263823064770932,0.00315955766192733,0
563,0.0,0.023508137432188065,0.05605786618444846,0.03074141048824593,0.06148282097649186,0.25678119349005424,0.0162748643761302,0.0,0.16998191681735986,0.05244122965641953,0.0,0.0108499095840868,0.0162748643761302,0.04159132007233273,0.0054249547920434,0.21338155515370705,0.018083182640144666,0.019891500904159132,0.007233273056057866,0.0,1
564,0.0,0.09116809116809117,0.042735042735042736,0.002849002849002849,0.008547008547008548,0.4074074074074074,0.06837606837606838,0.0,0.1111111111111111,0.017094017094017096,0.0,0.002849002849002849,0.008547008547008548,0.002849002849002849,0.014245014245014245,0.1452991452991453,0.02564102564102564,0.039886039886039885,0.008547008547008548,0.002849002849002849,1
565,0.0,0.10126582278481013,0.0759493670886076,0.012658227848101266,0.02531645569620253,0.17721518987341772,0.11392405063291139,0.0,0.12658227848101267,0.012658227848101266,0.0,0.0,0.012658227848101266,0.012658227848101266,0.0379746835443038,0.08860759493670886,0.012658227848101266,0.1518987341772152,0.02531645569620253,0.012658227848101266,0
566,0.0,0.11165048543689321,0.10194174757281553,0.014563106796116505,0.019417475728155338,0.15048543689320387,0.043689320388349516,0.0,0.16019417475728157,0.02912621359223301,0.0,0.0048543689320388345,0.009708737864077669,0.014563106796116505,0.014563106796116505,0.11650485436893204,0.04854368932038835,0.10679611650485436,0.02912621359223301,0.024271844660194174,0
567,0.002626970227670753,0.12784588441331,0.13134851138353765,0.0647985989492119,0.04903677758318739,0.08493870402802102,0.02714535901926445,0.0008756567425569177,0.13134851138353765,0.05779334500875657,0.0008756567425569177,0.017513134851138354,0.05604203152364273,0.008756567425569177,0.021015761821366025,0.024518388791593695,0.1042031523642732,0.06654991243432574,0.017513134851138354,0.005253940455341506,3
568,0.0,0.017857142857142856,0.07142857142857142,0.0,0.03571428571428571,0.19642857142857142,0.05357142857142857,0.0,0.26785714285714285,0.017857142857142856,0.0,0.017857142857142856,0.0,0.03571428571428571,0.017857142857142856,0.07142857142857142,0.03571428571428571,0.08928571428571429,0.05357142857142857,0.017857142857142856,4
569,0.0,0.15942028985507245,0.14492753623188406,0.028985507246376812,0.028985507246376812,0.10144927536231885,0.10144927536231885,0.0,0.07246376811594203,0.014492753623188406,0.0,0.0,0.014492753623188406,0.028985507246376812,0.014492753623188406,0.057971014492753624,0.043478260869565216,0.15942028985507245,0.014492753623188406,0.014492753623188406,3
570,0.0,0.13167259786476868,0.11387900355871886,0.014234875444839857,0.02491103202846975,0.1103202846975089,0.05338078291814947,0.0,0.14768683274021352,0.046263345195729534,0.0,0.021352313167259787,0.0071174377224199285,0.0035587188612099642,0.03558718861209965,0.06761565836298933,0.09430604982206406,0.10854092526690391,0.017793594306049824,0.0017793594306049821,0
571,0.0,0.04149377593360996,0.024896265560165973,0.004149377593360996,0.0,0.07883817427385892,0.004149377593360996,0.0,0.04564315352697095,0.04564315352697095,0.004149377593360996,0.4315352697095436,0.0,0.004149377593360996,0.04149377593360996,0.016597510373443983,0.0912863070539419,0.16597510373443983,0.0,0.0,0
572,0.0,0.08376963350785341,0.08115183246073299,0.015706806282722512,0.015706806282722512,0.14659685863874344,0.060209424083769635,0.0,0.22251308900523561,0.01832460732984293,0.005235602094240838,0.007853403141361256,0.002617801047120419,0.007853403141361256,0.03664921465968586,0.11518324607329843,0.03926701570680628,0.07329842931937172,0.05235602094240838,0.015706806282722512,4
573,0.0,0.1618942731277533,0.11674008810572688,0.02643171806167401,0.02973568281938326,0.10572687224669604,0.06607929515418502,0.004405286343612335,0.09801762114537445,0.04185022026431718,0.0022026431718061676,0.028634361233480177,0.030837004405286344,0.009911894273127754,0.02973568281938326,0.02973568281938326,0.07929515418502203,0.11674008810572688,0.018722466960352423,0.003303964757709251,3
574,0.0,0.11428571428571428,0.11428571428571428,0.02857142857142857,0.04285714285714286,0.11428571428571428,0.08571428571428572,0.0,0.12857142857142856,0.02857142857142857,0.0,0.014285714285714285,0.02857142857142857,0.02857142857142857,0.014285714285714285,0.04285714285714286,0.04285714285714286,0.14285714285714285,0.02857142857142857,0.0,0
575,0.0,0.041666666666666664,0.027777777777777776,0.013888888888888888,0.013888888888888888,0.3333333333333333,0.08333333333333333,0.013888888888888888,0.1527777777777778,0.027777777777777776,0.0,0.05555555555555555,0.0,0.0,0.013888888888888888,0.09722222222222222,0.013888888888888888,0.09722222222222222,0.013888888888888888,0.0,1
576,0.0,0.14754098360655737,0.09836065573770492,0.03278688524590164,0.01639344262295082,0.16393442622950818,0.03278688524590164,0.0,0.08196721311475409,0.08196721311475409,0.0,0.06557377049180328,0.0,0.0,0.01639344262295082,0.04918032786885246,0.11475409836065574,0.09836065573770492,0.0,0.0,3
577,0.0,0.15765765765765766,0.13288288288288289,0.0045045045045045045,0.024774774774774775,0.07882882882882883,0.04504504504504504,0.0,0.1891891891891892,0.02027027027027027,0.0,0.024774774774774775,0.0,0.009009009009009009,0.015765765765765764,0.05405405405405406,0.10135135135135136,0.08108108108108109,0.0518018018018018,0.009009009009009009,3
578,0.0,0.04838709677419355,0.016129032258064516,0.0,0.016129032258064516,0.16129032258064516,0.016129032258064516,0.0,0.3064516129032258,0.04838709677419355,0.0,0.04838709677419355,0.0,0.0,0.016129032258064516,0.22580645161290322,0.0,0.0967741935483871,0.0,0.0,4
579,0.0,0.08849557522123894,0.07079646017699115,0.07964601769911504,0.08849557522123894,0.13716814159292035,0.022123893805309734,0.0,0.14601769911504425,0.035398230088495575,0.0,0.008849557522123894,0.008849557522123894,0.05752212389380531,0.022123893805309734,0.10176991150442478,0.048672566371681415,0.061946902654867256,0.022123893805309734,0.0,0
580,0.0,0.13212025316455697,0.09414556962025317,0.014240506329113924,0.01740506329113924,0.07911392405063292,0.07436708860759493,0.0031645569620253164,0.1606012658227848,0.027689873417721517,0.005537974683544304,0.0245253164556962,0.00949367088607595,0.006329113924050633,0.03481012658227848,0.0490506329113924,0.11313291139240507,0.12658227848101267,0.01740506329113924,0.010284810126582278,2
581,0.0,0.05982905982905983,0.11965811965811966,0.042735042735042736,0.05128205128205128,0.05982905982905983,0.042735042735042736,0.0,0.20512820512820512,0.08547008547008547,0.0,0.008547008547008548,0.03418803418803419,0.0,0.02564102564102564,0.07692307692307693,0.07692307692307693,0.06837606837606838,0.042735042735042736,0.0,0
582,0.0,0.15920398009950248,0.12935323383084577,0.03980099502487562,0.024875621890547265,0.03980099502487562,0.03980099502487562,0.0,0.09950248756218906,0.04975124378109453,0.0,0.009950248756218905,0.11442786069651742,0.0,0.03482587064676617,0.014925373134328358,0.11940298507462686,0.1044776119402985,0.014925373134328358,0.004975124378109453,3
583,0.0,0.006756756756756757,0.060810810810810814,0.07432432432432433,0.08783783783783784,0.30405405405405406,0.033783783783783786,0.0,0.0945945945945946,0.05405405405405406,0.0,0.02027027027027027,0.013513513513513514,0.060810810810810814,0.0,0.16891891891891891,0.0,0.013513513513513514,0.006756756756756757,0.0,1
584,0.0,0.12831858407079647,0.084070796460177,0.022123893805309734,0.04424778761061947,0.1415929203539823,0.05752212389380531,0.0,0.13716814159292035,0.030973451327433628,0.0,0.017699115044247787,0.01327433628318584,0.022123893805309734,0.022123893805309734,0.0752212389380531,0.05752212389380531,0.12831858407079647,0.01327433628318584,0.004424778761061947,0
585,0.0,0.059602649006622516,0.019867549668874173,0.013245033112582781,0.006622516556291391,0.10596026490066225,0.2119205298013245,0.006622516556291391,0.2913907284768212,0.006622516556291391,0.006622516556291391,0.0,0.013245033112582781,0.0,0.059602649006622516,0.013245033112582781,0.026490066225165563,0.1456953642384106,0.013245033112582781,0.0,2
586,0.0013812154696132596,0.1574585635359116,0.16160220994475138,0.06906077348066299,0.07320441988950276,0.08701657458563536,0.03038674033149171,0.0,0.06906077348066299,0.062154696132596686,0.0,0.006906077348066298,0.049723756906077346,0.008287292817679558,0.012430939226519336,0.029005524861878452,0.09668508287292818,0.06906077348066299,0.012430939226519336,0.004143646408839779,3
587,0.0,0.05825242718446602,0.06553398058252427,0.007281553398058253,0.021844660194174758,0.279126213592233,0.04854368932038835,0.0,0.18446601941747573,0.02912621359223301,0.0048543689320388345,0.0048543689320388345,0.0,0.01699029126213592,0.021844660194174758,0.12864077669902912,0.05339805825242718,0.04611650485436893,0.01699029126213592,0.012135922330097087,1
588,0.0,0.14473684210526316,0.07236842105263158,0.006578947368421052,0.006578947368421052,0.07894736842105263,0.13157894736842105,0.0,0.19736842105263158,0.006578947368421052,0.0,0.019736842105263157,0.013157894736842105,0.006578947368421052,0.03289473684210526,0.03289473684210526,0.039473684210526314,0.17105263157894737,0.02631578947368421,0.013157894736842105,2
589,0.0,0.05319148936170213,0.06382978723404255,0.0,0.031914893617021274,0.10638297872340426,0.0851063829787234,0.010638297872340425,0.2765957446808511,0.02127659574468085,0.0,0.010638297872340425,0.010638297872340425,0.0,0.02127659574468085,0.07446808510638298,0.031914893617021274,0.1595744680851064,0.031914893617021274,0.010638297872340425,4
590,0.0,0.12063808574277168,0.09770687936191426,0.015952143569292122,0.03489531405782652,0.13409770687936193,0.06081754735792622,0.0009970089730807576,0.14705882352941177,0.04037886340977069,0.010967098703888335,0.02193419740777667,0.011465603190428714,0.01744765702891326,0.03389830508474576,0.058325024925224324,0.058325024925224324,0.09970089730807577,0.022931206380857428,0.012462612163509471,0
591,0.0,0.11278195488721804,0.09774436090225563,0.03759398496240601,0.03007518796992481,0.13533834586466165,0.022556390977443608,0.0,0.18796992481203006,0.015037593984962405,0.0,0.03759398496240601,0.0,0.007518796992481203,0.03759398496240601,0.06015037593984962,0.08270676691729323,0.12030075187969924,0.007518796992481203,0.007518796992481203,0
592,0.0,0.14925373134328357,0.10820895522388059,0.022388059701492536,0.033582089552238806,0.1417910447761194,0.06716417910447761,0.0,0.09328358208955224,0.05223880597014925,0.0,0.022388059701492536,0.011194029850746268,0.018656716417910446,0.014925373134328358,0.05223880597014925,0.055970149253731345,0.12313432835820895,0.011194029850746268,0.022388059701492536,0
593,0.0,0.0945945945945946,0.11148648648648649,0.02364864864864865,0.04054054054054054,0.14864864864864866,0.05405405405405406,0.0,0.15878378378378377,0.05405405405405406,0.0033783783783783786,0.0033783783783783786,0.02027027027027027,0.02364864864864865,0.016891891891891893,0.13175675675675674,0.04054054054054054,0.05405405405405406,0.02027027027027027,0.0,0
594,0.0,0.13504823151125403,0.06270096463022508,0.008038585209003215,0.022508038585209004,0.14469453376205788,0.03536977491961415,0.001607717041800643,0.1414790996784566,0.03054662379421222,0.0,0.06591639871382636,0.006430868167202572,0.012861736334405145,0.024115755627009645,0.1382636655948553,0.05627009646302251,0.10128617363344052,0.011254019292604502,0.001607717041800643,0
595,0.0,0.058823529411764705,0.058823529411764705,0.0392156862745098,0.0392156862745098,0.13725490196078433,0.058823529411764705,0.0,0.19607843137254902,0.058823529411764705,0.0,0.0,0.0,0.0196078431372549,0.0392156862745098,0.11764705882352941,0.0784313725490196,0.09803921568627451,0.0,0.0,0
596,0.0015772870662460567,0.15220820189274448,0.12460567823343849,0.038643533123028394,0.03627760252365931,0.0914826498422713,0.04574132492113565,0.0015772870662460567,0.10804416403785488,0.061514195583596214,0.0015772870662460567,0.015772870662460567,0.03627760252365931,0.015772870662460567,0.02917981072555205,0.04968454258675079,0.1056782334384858,0.07334384858044164,0.007886435331230283,0.0031545741324921135,3
597,0.0,0.11493212669683257,0.07149321266968325,0.008144796380090498,0.01809954751131222,0.19004524886877827,0.06787330316742081,0.0018099547511312218,0.17375565610859728,0.03076923076923077,0.009954751131221719,0.014479638009049774,0.0,0.015384615384615385,0.034389140271493215,0.08506787330316742,0.03619909502262444,0.10135746606334842,0.019004524886877826,0.007239819004524887,0
598,0.0,0.07142857142857142,0.11428571428571428,0.02857142857142857,0.02857142857142857,0.12857142857142856,0.05714285714285714,0.0,0.11428571428571428,0.05714285714285714,0.0,0.014285714285714285,0.02857142857142857,0.014285714285714285,0.04285714285714286,0.15714285714285714,0.05714285714285714,0.08571428571428572,0.0,0.0,0
599,0.0006383657835939994,0.12097031599106288,0.07117778487073093,0.026013405681455475,0.026492180019150973,0.15560165975103735,0.06686881583147143,0.008298755186721992,0.16118736035748485,0.03989786147462496,0.004468560485157995,0.03127992339610597,0.008298755186721992,0.01101180976699649,0.026013405681455475,0.05857006064474944,0.06670922438557293,0.0952760932014044,0.013405681455473986,0.007819980849026492,0
600,0.0,0.06639839034205232,0.07796780684104627,0.03118712273641851,0.057847082494969816,0.1926559356136821,0.03873239436619718,0.006036217303822937,0.15492957746478872,0.06338028169014084,0.002012072434607646,0.032696177062374245,0.005533199195171026,0.0306841046277666,0.02012072434607646,0.08450704225352113,0.04929577464788732,0.06941649899396378,0.011066398390342052,0.005533199195171026,1
601,0.006309148264984227,0.1167192429022082,0.12618296529968454,0.06624605678233439,0.056782334384858045,0.06309148264984227,0.05362776025236593,0.0031545741324921135,0.15457413249211358,0.05993690851735016,0.0,0.0031545741324921135,0.031545741324921134,0.0,0.03785488958990536,0.050473186119873815,0.06309148264984227,0.07886435331230283,0.025236593059936908,0.0031545741324921135,3
602,0.0,0.12034383954154727,0.0830945558739255,0.0057306590257879654,0.022922636103151862,0.11461318051575932,0.08022922636103152,0.0028653295128939827,0.19484240687679083,0.02005730659025788,0.0057306590257879654,0.008595988538681949,0.0057306590257879654,0.0057306590257879654,0.03151862464183381,0.07163323782234957,0.04297994269340974,0.14613180515759314,0.02005730659025788,0.017191977077363897,2
603,0.0,0.07254623044096728,0.04836415362731152,0.001896633475580844,0.007586533902323376,0.1541014698909436,0.06827880512091039,0.013276434329065908,0.25651967757230915,0.022285443338074917,0.010905642484589853,0.036510194404931244,0.0,0.015173067804646752,0.03698435277382646,0.10241820768136557,0.03745851114272167,0.09198672356567093,0.01469890943575154,0.009009009009009009,4
604,0.0,0.1198501872659176,0.07116104868913857,0.026217228464419477,0.04868913857677903,0.10861423220973783,0.07116104868913857,0.0,0.14606741573033707,0.0449438202247191,0.0,0.08239700374531835,0.00749063670411985,0.0149812734082397,0.0149812734082397,0.052434456928838954,0.06367041198501873,0.11235955056179775,0.00749063670411985,0.00749063670411985,0
605,0.0,0.09362279511533243,0.14382632293080055,0.035278154681139755,0.07191316146540028,0.12075983717774763,0.014925373134328358,0.0013568521031207597,0.08005427408412483,0.18724559023066487,0.0,0.0203527815468114,0.018995929443690638,0.035278154681139755,0.010854816824966078,0.08005427408412483,0.035278154681139755,0.033921302578018994,0.012211668928086838,0.004070556309362279,0
606,0.0,0.056575496440614464,0.055076807793180964,0.015736230798051705,0.018358935931060322,0.15773698014237542,0.04983139752716373,0.0018733608092918695,0.261521168977145,0.03634319970026227,0.0029973772948669914,0.019482952416635443,0.005994754589733983,0.016485575121768452,0.034095166729112024,0.13300861745972276,0.02959910078681154,0.07455976020981642,0.024353690520794304,0.006369426751592357,4
607,0.0,0.13872832369942195,0.08670520231213873,0.011560693641618497,0.036608863198458574,0.10597302504816955,0.05202312138728324,0.0,0.1579961464354528,0.04046242774566474,0.0,0.0674373795761079,0.0019267822736030828,0.009633911368015413,0.03275529865125241,0.055876685934489405,0.06936416184971098,0.11753371868978806,0.011560693641618497,0.0038535645472061657,0
608,0.0,0.12170474516695957,0.07952548330404217,0.024165202108963092,0.03866432337434095,0.15597539543057998,0.0641476274165202,0.0026362038664323375,0.12302284710017575,0.048769771528998244,0.0017574692442882249,0.04261862917398945,0.005272407732864675,0.014499121265377855,0.03031634446397188,0.04657293497363796,0.07337434094903339,0.11379613356766256,0.008347978910369069,0.0048330404217926184,0
609,0.0,0.12087912087912088,0.10989010989010989,0.01098901098901099,0.02197802197802198,0.07692307692307693,0.06593406593406594,0.02197802197802198,0.2087912087912088,0.01098901098901099,0.0,0.02197802197802198,0.01098901098901099,0.0,0.0,0.054945054945054944,0.054945054945054944,0.15384615384615385,0.04395604395604396,0.01098901098901099,2
610,0.0,0.13920301561658588,0.07189014539579967,0.017770597738287562,0.015078082929456112,0.11066235864297254,0.07350565428109855,0.0013462574044157242,0.1289714593430264,0.04065697361335487,0.0026925148088314485,0.0815831987075929,0.02207862143241788,0.003769520732364028,0.03231017770597738,0.03204092622509424,0.06758212170166936,0.13731825525040386,0.012654819601507808,0.008885298869143781,2
